{
  "id": "stage_096_level_02",
  "level": [
    [
      1,
      1,
      1,
      1,
      1,
      1,
      1,
      1,
      1
    ],
    [
      1,
      1,
      5,
      1,
      0,
      0,
      1,
      0,
      1
    ],
    [
      1,
      0,
      0,
      0,
      0,
      0,
      0,
      5,
      1
    ],
    [
      1,
      0,
      0,
      0,
      0,
      0,
      1,
      0,
      1
    ],
    [
      1,
      1,
      0,
      1,
      0,
      0,
      0,
      0,
      1
    ],
    [
      1,
      5,
      0,
      0,
      5,
      1,
      0,
      0,
      1
    ],
    [
      1,
      0,
      0,
      0,
      0,
      0,
      0,
      0,
      1
    ],
    [
      1,
      0,
      0,
      0,
      0,
      0,
      2,
      0,
      1
    ],
    [
      1,
      0,
      0,
      0,
      0,
      3,
      4,
      0,
      1
    ],
    [
      1,
      1,
      1,
      1,
      1,
      1,
      1,
      1,
      1
    ]
  ],
  "shape": [
    10,
    9
  ],
  "created_at": "2025-07-28T08:35:33.884207",
  "metadata": {
    "curriculum_stage": 96,
    "target_difficulty": 0.8522718215846601,
    "measured_difficulty": 0.3378164989415155,
    "generation_parameters": {
      "num_boxes": 5,
      "complexity": 0.8522718215846601,
      "min_size": [
        9,
        9
      ],
      "max_size": [
        11,
        11
      ],
      "target_difficulty": 0.8522718215846601
    },
    "level_stats": {
      "size": [
        10,
        9
      ],
      "total_cells": 90,
      "num_walls": 41,
      "num_boxes": 5,
      "num_targets": 5,
      "num_empty": 42,
      "wall_ratio": 0.45555555555555555,
      "box_density": 0.10638297872340426
    },
    "play_data": {
      "total_steps": 50,
      "total_reward": -12.099999999999996,
      "box_pushes": 0,
      "solved": false,
      "policy_entropy": [
        1.0,
        1.0,
        1.0,
        1.0,
        1.0,
        1.0,
        1.0,
        1.0,
        1.0,
        1.0,
        1.0,
        1.0,
        1.0,
        1.0,
        1.0,
        1.0,
        1.0,
        1.0,
        1.0,
        1.0,
        1.0,
        1.0,
        1.0,
        1.0,
        1.0,
        1.0,
        1.0,
        1.0,
        1.0,
        1.0,
        1.0,
        1.0,
        1.0,
        1.0,
        1.0,
        1.0,
        1.0,
        1.0,
        1.0,
        1.0,
        1.0,
        1.0,
        1.0,
        1.0,
        1.0,
        1.0,
        1.0,
        1.0,
        1.0,
        1.0
      ],
      "value_estimates": [
        0.0,
        0.0,
        0.0,
        0.0,
        0.0,
        0.0,
        0.0,
        0.0,
        0.0,
        0.0,
        0.0,
        0.0,
        0.0,
        0.0,
        0.0,
        0.0,
        0.0,
        0.0,
        0.0,
        0.0,
        0.0,
        0.0,
        0.0,
        0.0,
        0.0,
        0.0,
        0.0,
        0.0,
        0.0,
        0.0,
        0.0,
        0.0,
        0.0,
        0.0,
        0.0,
        0.0,
        0.0,
        0.0,
        0.0,
        0.0,
        0.0,
        0.0,
        0.0,
        0.0,
        0.0,
        0.0,
        0.0,
        0.0,
        0.0,
        0.0
      ],
      "action_sequence": [
        0,
        0,
        1,
        0,
        2,
        3,
        1,
        1,
        3,
        3,
        1,
        3,
        0,
        0,
        2,
        3,
        1,
        3,
        0,
        2,
        0,
        0,
        2,
        1,
        0,
        3,
        1,
        2,
        0,
        0,
        0,
        3,
        0,
        0,
        2,
        0,
        1,
        1,
        0,
        2,
        0,
        0,
        2,
        3,
        2,
        0,
        0,
        3,
        1,
        1
      ],
      "inference_times": [
        0.0,
        0.0,
        0.0,
        0.0,
        0.0,
        0.0,
        0.0,
        0.0,
        0.0,
        0.0,
        0.0,
        0.0,
        0.0,
        0.0,
        0.0,
        0.0,
        0.0,
        0.0,
        0.0,
        0.0,
        0.0,
        0.0,
        0.0,
        0.0,
        0.0,
        0.0,
        0.0,
        0.0,
        0.0,
        0.0,
        0.0,
        0.0,
        0.0,
        0.0,
        0.0,
        0.0,
        0.0,
        0.0,
        0.0,
        0.0,
        0.0,
        0.0,
        0.0,
        0.0,
        0.0,
        0.0,
        0.0,
        0.0,
        0.0,
        0.0
      ],
      "mean_entropy": 1.0,
      "std_entropy": 0.0,
      "mean_value": 0.0,
      "std_value": 0.0,
      "mean_inference_time": 0.0
    },
    "difficulty_breakdown": {
      "total_difficulty": 0.3378164989415155,
      "structural_difficulty": 0.24486832980505138,
      "cognitive_difficulty": 0.19999999999999998,
      "solution_difficulty": 0.41452,
      "success_difficulty": 0.8,
      "metrics": {
        "total_steps": 50,
        "total_reward": -12.099999999999996,
        "box_pushes": 0,
        "solved": false,
        "mean_entropy": 1.0,
        "std_entropy": 0.0,
        "mean_value": 0.0,
        "std_value": 0.0,
        "mean_inference_time": 0.0,
        "level_size": [
          10,
          9
        ],
        "num_boxes": 5,
        "num_targets": 5,
        "wall_ratio": 0.0,
        "box_density": 0.0,
        "level_complexity": 0.0
      }
    },
    "generation_time": 1753659333.8842072
  }
}