{
  "id": "stage_024_level_03",
  "level": [
    [
      1,
      1,
      1,
      1,
      1,
      1
    ],
    [
      1,
      0,
      0,
      0,
      0,
      1
    ],
    [
      1,
      2,
      0,
      2,
      0,
      1
    ],
    [
      1,
      3,
      3,
      0,
      0,
      1
    ],
    [
      1,
      0,
      0,
      0,
      4,
      1
    ],
    [
      1,
      0,
      0,
      0,
      0,
      1
    ],
    [
      1,
      1,
      1,
      1,
      1,
      1
    ]
  ],
  "shape": [
    7,
    6
  ],
  "created_at": "2025-07-28T08:34:38.519558",
  "metadata": {
    "curriculum_stage": 24,
    "target_difficulty": 0.23370901216747306,
    "measured_difficulty": 0.30321555328342553,
    "generation_parameters": {
      "num_boxes": 2,
      "complexity": 0.23370901216747306,
      "min_size": [
        6,
        6
      ],
      "max_size": [
        8,
        8
      ],
      "target_difficulty": 0.23370901216747306
    },
    "level_stats": {
      "size": [
        7,
        6
      ],
      "total_cells": 42,
      "num_walls": 22,
      "num_boxes": 2,
      "num_targets": 2,
      "num_empty": 15,
      "wall_ratio": 0.5238095238095238,
      "box_density": 0.11764705882352941
    },
    "play_data": {
      "total_steps": 50,
      "total_reward": -15.899999999999993,
      "box_pushes": 0,
      "solved": false,
      "policy_entropy": [
        1.0,
        1.0,
        1.0,
        1.0,
        1.0,
        1.0,
        1.0,
        1.0,
        1.0,
        1.0,
        1.0,
        1.0,
        1.0,
        1.0,
        1.0,
        1.0,
        1.0,
        1.0,
        1.0,
        1.0,
        1.0,
        1.0,
        1.0,
        1.0,
        1.0,
        1.0,
        1.0,
        1.0,
        1.0,
        1.0,
        1.0,
        1.0,
        1.0,
        1.0,
        1.0,
        1.0,
        1.0,
        1.0,
        1.0,
        1.0,
        1.0,
        1.0,
        1.0,
        1.0,
        1.0,
        1.0,
        1.0,
        1.0,
        1.0,
        1.0
      ],
      "value_estimates": [
        0.0,
        0.0,
        0.0,
        0.0,
        0.0,
        0.0,
        0.0,
        0.0,
        0.0,
        0.0,
        0.0,
        0.0,
        0.0,
        0.0,
        0.0,
        0.0,
        0.0,
        0.0,
        0.0,
        0.0,
        0.0,
        0.0,
        0.0,
        0.0,
        0.0,
        0.0,
        0.0,
        0.0,
        0.0,
        0.0,
        0.0,
        0.0,
        0.0,
        0.0,
        0.0,
        0.0,
        0.0,
        0.0,
        0.0,
        0.0,
        0.0,
        0.0,
        0.0,
        0.0,
        0.0,
        0.0,
        0.0,
        0.0,
        0.0,
        0.0
      ],
      "action_sequence": [
        3,
        0,
        0,
        2,
        1,
        2,
        2,
        3,
        0,
        3,
        3,
        0,
        0,
        3,
        3,
        1,
        3,
        0,
        3,
        1,
        0,
        3,
        1,
        0,
        2,
        1,
        3,
        3,
        3,
        3,
        3,
        3,
        3,
        3,
        1,
        2,
        0,
        1,
        0,
        0,
        3,
        0,
        2,
        1,
        1,
        1,
        3,
        0,
        2,
        0
      ],
      "inference_times": [
        0.0,
        0.0,
        0.0,
        0.0,
        0.0,
        0.0,
        0.0,
        0.0,
        0.0,
        0.0005481243133544922,
        0.0,
        0.0,
        0.0,
        0.0,
        0.0,
        0.0,
        0.0,
        0.0,
        0.0,
        0.0,
        0.0,
        0.0,
        0.0,
        0.0,
        0.0,
        0.0,
        0.0,
        0.0,
        0.0,
        0.0,
        0.0,
        0.0,
        0.0,
        0.0,
        0.0,
        0.0,
        0.0,
        0.0,
        0.0,
        0.0,
        0.0,
        0.0,
        0.0,
        0.0,
        0.0,
        0.0,
        0.0,
        0.0,
        0.0,
        0.0
      ],
      "mean_entropy": 1.0,
      "std_entropy": 0.0,
      "mean_value": 0.0,
      "std_value": 0.0,
      "mean_inference_time": 1.0962486267089843e-05
    },
    "difficulty_breakdown": {
      "total_difficulty": 0.30321555328342553,
      "structural_difficulty": 0.1248074069840786,
      "cognitive_difficulty": 0.20016443729400632,
      "solution_difficulty": 0.41908,
      "success_difficulty": 0.8,
      "metrics": {
        "total_steps": 50,
        "total_reward": -15.899999999999993,
        "box_pushes": 0,
        "solved": false,
        "mean_entropy": 1.0,
        "std_entropy": 0.0,
        "mean_value": 0.0,
        "std_value": 0.0,
        "mean_inference_time": 1.0962486267089843e-05,
        "level_size": [
          7,
          6
        ],
        "num_boxes": 2,
        "num_targets": 2,
        "wall_ratio": 0.0,
        "box_density": 0.0,
        "level_complexity": 0.0
      }
    },
    "generation_time": 1753659278.5195584
  }
}