{
  "id": "stage_021_level_02",
  "level": [
    [
      1,
      1,
      1,
      1,
      1,
      1,
      1,
      1
    ],
    [
      1,
      0,
      0,
      0,
      0,
      0,
      0,
      1
    ],
    [
      1,
      0,
      0,
      0,
      4,
      0,
      0,
      1
    ],
    [
      1,
      3,
      0,
      0,
      0,
      2,
      0,
      1
    ],
    [
      1,
      5,
      0,
      0,
      0,
      0,
      0,
      1
    ],
    [
      1,
      0,
      0,
      0,
      0,
      0,
      0,
      1
    ],
    [
      1,
      0,
      0,
      0,
      0,
      0,
      0,
      1
    ],
    [
      1,
      1,
      1,
      1,
      1,
      1,
      1,
      1
    ]
  ],
  "shape": [
    8,
    8
  ],
  "created_at": "2025-07-28T08:34:38.478190",
  "metadata": {
    "curriculum_stage": 21,
    "target_difficulty": 0.21466638978515862,
    "measured_difficulty": 0.30550603929138187,
    "generation_parameters": {
      "num_boxes": 2,
      "complexity": 0.21466638978515862,
      "min_size": [
        6,
        6
      ],
      "max_size": [
        8,
        8
      ],
      "target_difficulty": 0.21466638978515862
    },
    "level_stats": {
      "size": [
        8,
        8
      ],
      "total_cells": 64,
      "num_walls": 28,
      "num_boxes": 2,
      "num_targets": 2,
      "num_empty": 32,
      "wall_ratio": 0.4375,
      "box_density": 0.058823529411764705
    },
    "play_data": {
      "total_steps": 50,
      "total_reward": -9.599999999999998,
      "box_pushes": 0,
      "solved": false,
      "policy_entropy": [
        1.0,
        1.0,
        1.0,
        1.0,
        1.0,
        1.0,
        1.0,
        1.0,
        1.0,
        1.0,
        1.0,
        1.0,
        1.0,
        1.0,
        1.0,
        1.0,
        1.0,
        1.0,
        1.0,
        1.0,
        1.0,
        1.0,
        1.0,
        1.0,
        1.0,
        1.0,
        1.0,
        1.0,
        1.0,
        1.0,
        1.0,
        1.0,
        1.0,
        1.0,
        1.0,
        1.0,
        1.0,
        1.0,
        1.0,
        1.0,
        1.0,
        1.0,
        1.0,
        1.0,
        1.0,
        1.0,
        1.0,
        1.0,
        1.0,
        1.0
      ],
      "value_estimates": [
        0.0,
        0.0,
        0.0,
        0.0,
        0.0,
        0.0,
        0.0,
        0.0,
        0.0,
        0.0,
        0.0,
        0.0,
        0.0,
        0.0,
        0.0,
        0.0,
        0.0,
        0.0,
        0.0,
        0.0,
        0.0,
        0.0,
        0.0,
        0.0,
        0.0,
        0.0,
        0.0,
        0.0,
        0.0,
        0.0,
        0.0,
        0.0,
        0.0,
        0.0,
        0.0,
        0.0,
        0.0,
        0.0,
        0.0,
        0.0,
        0.0,
        0.0,
        0.0,
        0.0,
        0.0,
        0.0,
        0.0,
        0.0,
        0.0,
        0.0
      ],
      "action_sequence": [
        1,
        1,
        0,
        3,
        1,
        3,
        3,
        2,
        1,
        0,
        0,
        0,
        2,
        2,
        2,
        2,
        1,
        0,
        2,
        0,
        1,
        1,
        0,
        0,
        1,
        1,
        2,
        1,
        3,
        3,
        1,
        3,
        1,
        3,
        0,
        1,
        1,
        1,
        1,
        3,
        0,
        3,
        2,
        2,
        2,
        2,
        2,
        3,
        0,
        0
      ],
      "inference_times": [
        0.0,
        0.0,
        0.0,
        0.0,
        0.0,
        0.0,
        0.0,
        0.0,
        0.0,
        0.0,
        0.0,
        0.0,
        0.0,
        0.0,
        0.0,
        0.0,
        0.0,
        0.0,
        0.0,
        0.0,
        0.0,
        0.0,
        0.0,
        0.0,
        0.0,
        0.0,
        0.0,
        0.0,
        0.0,
        0.0,
        0.0,
        0.0,
        0.0,
        0.0,
        0.0,
        0.0,
        0.0,
        0.0,
        0.0,
        0.0,
        0.0,
        0.0005559921264648438,
        0.0,
        0.0,
        0.0,
        0.0,
        0.0,
        0.0,
        0.0,
        0.0
      ],
      "mean_entropy": 1.0,
      "std_entropy": 0.0,
      "mean_value": 0.0,
      "std_value": 0.0,
      "mean_inference_time": 1.1119842529296875e-05
    },
    "difficulty_breakdown": {
      "total_difficulty": 0.30550603929138187,
      "structural_difficulty": 0.14,
      "cognitive_difficulty": 0.20016679763793943,
      "solution_difficulty": 0.41152,
      "success_difficulty": 0.8,
      "metrics": {
        "total_steps": 50,
        "total_reward": -9.599999999999998,
        "box_pushes": 0,
        "solved": false,
        "mean_entropy": 1.0,
        "std_entropy": 0.0,
        "mean_value": 0.0,
        "std_value": 0.0,
        "mean_inference_time": 1.1119842529296875e-05,
        "level_size": [
          8,
          8
        ],
        "num_boxes": 2,
        "num_targets": 2,
        "wall_ratio": 0.0,
        "box_density": 0.0,
        "level_complexity": 0.0
      }
    },
    "generation_time": 1753659278.4781907
  }
}