{
  "id": "stage_055_level_03",
  "level": [
    [
      1,
      1,
      1,
      1,
      1,
      1,
      1,
      1
    ],
    [
      1,
      0,
      1,
      0,
      1,
      0,
      0,
      1
    ],
    [
      1,
      0,
      2,
      3,
      0,
      0,
      5,
      1
    ],
    [
      1,
      0,
      4,
      0,
      0,
      0,
      0,
      1
    ],
    [
      1,
      0,
      0,
      0,
      0,
      0,
      0,
      1
    ],
    [
      1,
      0,
      0,
      0,
      5,
      0,
      0,
      1
    ],
    [
      1,
      0,
      0,
      0,
      0,
      1,
      0,
      1
    ],
    [
      1,
      1,
      1,
      1,
      1,
      1,
      1,
      1
    ]
  ],
  "shape": [
    8,
    8
  ],
  "created_at": "2025-07-28T08:35:12.009207",
  "metadata": {
    "curriculum_stage": 55,
    "target_difficulty": 0.5542098588306748,
    "measured_difficulty": 0.31283600000000006,
    "generation_parameters": {
      "num_boxes": 3,
      "complexity": 0.5542098588306748,
      "min_size": [
        7,
        7
      ],
      "max_size": [
        9,
        9
      ],
      "target_difficulty": 0.5542098588306748
    },
    "level_stats": {
      "size": [
        8,
        8
      ],
      "total_cells": 64,
      "num_walls": 31,
      "num_boxes": 3,
      "num_targets": 3,
      "num_empty": 28,
      "wall_ratio": 0.484375,
      "box_density": 0.0967741935483871
    },
    "play_data": {
      "total_steps": 50,
      "total_reward": -5.099999999999995,
      "box_pushes": 0,
      "solved": false,
      "policy_entropy": [
        1.0,
        1.0,
        1.0,
        1.0,
        1.0,
        1.0,
        1.0,
        1.0,
        1.0,
        1.0,
        1.0,
        1.0,
        1.0,
        1.0,
        1.0,
        1.0,
        1.0,
        1.0,
        1.0,
        1.0,
        1.0,
        1.0,
        1.0,
        1.0,
        1.0,
        1.0,
        1.0,
        1.0,
        1.0,
        1.0,
        1.0,
        1.0,
        1.0,
        1.0,
        1.0,
        1.0,
        1.0,
        1.0,
        1.0,
        1.0,
        1.0,
        1.0,
        1.0,
        1.0,
        1.0,
        1.0,
        1.0,
        1.0,
        1.0,
        1.0
      ],
      "value_estimates": [
        0.0,
        0.0,
        0.0,
        0.0,
        0.0,
        0.0,
        0.0,
        0.0,
        0.0,
        0.0,
        0.0,
        0.0,
        0.0,
        0.0,
        0.0,
        0.0,
        0.0,
        0.0,
        0.0,
        0.0,
        0.0,
        0.0,
        0.0,
        0.0,
        0.0,
        0.0,
        0.0,
        0.0,
        0.0,
        0.0,
        0.0,
        0.0,
        0.0,
        0.0,
        0.0,
        0.0,
        0.0,
        0.0,
        0.0,
        0.0,
        0.0,
        0.0,
        0.0,
        0.0,
        0.0,
        0.0,
        0.0,
        0.0,
        0.0,
        0.0
      ],
      "action_sequence": [
        3,
        1,
        2,
        3,
        1,
        1,
        3,
        2,
        2,
        3,
        2,
        2,
        3,
        3,
        2,
        2,
        0,
        1,
        1,
        1,
        3,
        1,
        3,
        3,
        2,
        0,
        3,
        3,
        0,
        1,
        2,
        3,
        2,
        1,
        0,
        0,
        2,
        1,
        0,
        1,
        2,
        3,
        0,
        0,
        1,
        2,
        0,
        1,
        3,
        2
      ],
      "inference_times": [
        0.0,
        0.0,
        0.0,
        0.0,
        0.0,
        0.0,
        0.0,
        0.0,
        0.0,
        0.0,
        0.0,
        0.0,
        0.0,
        0.0,
        0.0,
        0.0,
        0.0,
        0.0,
        0.0,
        0.0,
        0.0,
        0.0,
        0.0,
        0.0,
        0.0,
        0.0,
        0.0,
        0.0,
        0.0,
        0.0,
        0.0,
        0.0,
        0.0,
        0.0,
        0.0,
        0.0,
        0.0,
        0.0,
        0.0,
        0.0,
        0.0,
        0.0,
        0.0,
        0.0,
        0.0,
        0.0,
        0.0,
        0.0,
        0.0,
        0.0
      ],
      "mean_entropy": 1.0,
      "std_entropy": 0.0,
      "mean_value": 0.0,
      "std_value": 0.0,
      "mean_inference_time": 0.0
    },
    "difficulty_breakdown": {
      "total_difficulty": 0.31283600000000006,
      "structural_difficulty": 0.17,
      "cognitive_difficulty": 0.19999999999999998,
      "solution_difficulty": 0.40612000000000004,
      "success_difficulty": 0.8,
      "metrics": {
        "total_steps": 50,
        "total_reward": -5.099999999999995,
        "box_pushes": 0,
        "solved": false,
        "mean_entropy": 1.0,
        "std_entropy": 0.0,
        "mean_value": 0.0,
        "std_value": 0.0,
        "mean_inference_time": 0.0,
        "level_size": [
          8,
          8
        ],
        "num_boxes": 3,
        "num_targets": 3,
        "wall_ratio": 0.0,
        "box_density": 0.0,
        "level_complexity": 0.0
      }
    },
    "generation_time": 1753659312.0092077
  }
}