{
  "id": "stage_095_level_02",
  "level": [
    [
      1,
      1,
      1,
      1,
      1,
      1,
      1,
      1,
      1,
      1,
      1
    ],
    [
      1,
      0,
      0,
      0,
      0,
      0,
      0,
      1,
      0,
      1,
      1
    ],
    [
      1,
      0,
      0,
      0,
      0,
      0,
      5,
      0,
      0,
      0,
      1
    ],
    [
      1,
      0,
      0,
      0,
      5,
      1,
      0,
      0,
      0,
      0,
      1
    ],
    [
      1,
      1,
      0,
      0,
      1,
      3,
      0,
      0,
      0,
      0,
      1
    ],
    [
      1,
      1,
      0,
      0,
      0,
      2,
      0,
      0,
      0,
      0,
      1
    ],
    [
      1,
      0,
      0,
      0,
      4,
      0,
      0,
      5,
      1,
      0,
      1
    ],
    [
      1,
      0,
      0,
      0,
      0,
      0,
      0,
      0,
      0,
      0,
      1
    ],
    [
      1,
      0,
      0,
      0,
      0,
      0,
      1,
      0,
      0,
      0,
      1
    ],
    [
      1,
      1,
      0,
      0,
      0,
      0,
      0,
      5,
      0,
      0,
      1
    ],
    [
      1,
      1,
      1,
      1,
      1,
      1,
      1,
      1,
      1,
      1,
      1
    ]
  ],
  "shape": [
    11,
    11
  ],
  "created_at": "2025-07-28T08:35:33.868302",
  "metadata": {
    "curriculum_stage": 95,
    "target_difficulty": 0.8494780765698766,
    "measured_difficulty": 0.3404613955612183,
    "generation_parameters": {
      "num_boxes": 5,
      "complexity": 0.8494780765698766,
      "min_size": [
        9,
        9
      ],
      "max_size": [
        11,
        11
      ],
      "target_difficulty": 0.8494780765698766
    },
    "level_stats": {
      "size": [
        11,
        11
      ],
      "total_cells": 121,
      "num_walls": 49,
      "num_boxes": 5,
      "num_targets": 5,
      "num_empty": 65,
      "wall_ratio": 0.4049586776859504,
      "box_density": 0.07142857142857142
    },
    "play_data": {
      "total_steps": 50,
      "total_reward": -6.6999999999999895,
      "box_pushes": 0,
      "solved": false,
      "policy_entropy": [
        1.0,
        1.0,
        1.0,
        1.0,
        1.0,
        1.0,
        1.0,
        1.0,
        1.0,
        1.0,
        1.0,
        1.0,
        1.0,
        1.0,
        1.0,
        1.0,
        1.0,
        1.0,
        1.0,
        1.0,
        1.0,
        1.0,
        1.0,
        1.0,
        1.0,
        1.0,
        1.0,
        1.0,
        1.0,
        1.0,
        1.0,
        1.0,
        1.0,
        1.0,
        1.0,
        1.0,
        1.0,
        1.0,
        1.0,
        1.0,
        1.0,
        1.0,
        1.0,
        1.0,
        1.0,
        1.0,
        1.0,
        1.0,
        1.0,
        1.0
      ],
      "value_estimates": [
        0.0,
        0.0,
        0.0,
        0.0,
        0.0,
        0.0,
        0.0,
        0.0,
        0.0,
        0.0,
        0.0,
        0.0,
        0.0,
        0.0,
        0.0,
        0.0,
        0.0,
        0.0,
        0.0,
        0.0,
        0.0,
        0.0,
        0.0,
        0.0,
        0.0,
        0.0,
        0.0,
        0.0,
        0.0,
        0.0,
        0.0,
        0.0,
        0.0,
        0.0,
        0.0,
        0.0,
        0.0,
        0.0,
        0.0,
        0.0,
        0.0,
        0.0,
        0.0,
        0.0,
        0.0,
        0.0,
        0.0,
        0.0,
        0.0,
        0.0
      ],
      "action_sequence": [
        1,
        3,
        1,
        0,
        3,
        1,
        1,
        3,
        2,
        2,
        2,
        2,
        1,
        1,
        0,
        2,
        2,
        1,
        0,
        3,
        3,
        3,
        1,
        0,
        0,
        2,
        0,
        0,
        0,
        0,
        3,
        3,
        3,
        0,
        2,
        1,
        2,
        0,
        2,
        2,
        1,
        3,
        1,
        2,
        1,
        0,
        0,
        0,
        1,
        1
      ],
      "inference_times": [
        0.0,
        0.0,
        0.0,
        0.0,
        0.0,
        0.0,
        0.0,
        0.0005488395690917969,
        0.0,
        0.0,
        0.0,
        0.0,
        0.0,
        0.0,
        0.0,
        0.0,
        0.0,
        0.0,
        0.0,
        0.0,
        0.0,
        0.0,
        0.0,
        0.0,
        0.0,
        0.0,
        0.0,
        0.0,
        0.0,
        0.0,
        0.0,
        0.0,
        0.0,
        0.0,
        0.0,
        0.0,
        0.0,
        0.0,
        0.0,
        0.0,
        0.0,
        0.0,
        0.0,
        0.0,
        0.0,
        0.0,
        0.0,
        0.0,
        0.0,
        0.0
      ],
      "mean_entropy": 1.0,
      "std_entropy": 0.0,
      "mean_value": 0.0,
      "std_value": 0.0,
      "mean_inference_time": 1.0976791381835937e-05
    },
    "difficulty_breakdown": {
      "total_difficulty": 0.3404613955612183,
      "structural_difficulty": 0.26,
      "cognitive_difficulty": 0.20016465187072752,
      "solution_difficulty": 0.40803999999999996,
      "success_difficulty": 0.8,
      "metrics": {
        "total_steps": 50,
        "total_reward": -6.6999999999999895,
        "box_pushes": 0,
        "solved": false,
        "mean_entropy": 1.0,
        "std_entropy": 0.0,
        "mean_value": 0.0,
        "std_value": 0.0,
        "mean_inference_time": 1.0976791381835937e-05,
        "level_size": [
          11,
          11
        ],
        "num_boxes": 5,
        "num_targets": 5,
        "wall_ratio": 0.0,
        "box_density": 0.0,
        "level_complexity": 0.0
      }
    },
    "generation_time": 1753659333.8683026
  }
}