{
  "id": "stage_099_level_01",
  "level": [
    [
      1,
      1,
      1,
      1,
      1,
      1,
      1,
      1,
      1,
      1,
      1
    ],
    [
      1,
      0,
      5,
      0,
      0,
      0,
      1,
      0,
      0,
      0,
      1
    ],
    [
      1,
      0,
      1,
      0,
      0,
      0,
      0,
      0,
      0,
      0,
      1
    ],
    [
      1,
      0,
      0,
      0,
      0,
      1,
      0,
      0,
      0,
      0,
      1
    ],
    [
      1,
      0,
      0,
      0,
      0,
      1,
      0,
      5,
      0,
      0,
      1
    ],
    [
      1,
      0,
      0,
      0,
      1,
      0,
      1,
      0,
      0,
      0,
      1
    ],
    [
      1,
      0,
      3,
      2,
      0,
      0,
      4,
      2,
      3,
      0,
      1
    ],
    [
      1,
      0,
      0,
      0,
      0,
      0,
      5,
      0,
      0,
      0,
      1
    ],
    [
      1,
      0,
      0,
      0,
      0,
      0,
      1,
      1,
      0,
      1,
      1
    ],
    [
      1,
      1,
      1,
      1,
      1,
      1,
      1,
      1,
      1,
      1,
      1
    ]
  ],
  "shape": [
    10,
    11
  ],
  "created_at": "2025-07-28T08:35:33.945473",
  "metadata": {
    "curriculum_stage": 99,
    "target_difficulty": 0.8598078526702818,
    "measured_difficulty": 0.34826350636612513,
    "generation_parameters": {
      "num_boxes": 5,
      "complexity": 0.8598078526702818,
      "min_size": [
        9,
        9
      ],
      "max_size": [
        11,
        11
      ],
      "target_difficulty": 0.8598078526702818
    },
    "level_stats": {
      "size": [
        10,
        11
      ],
      "total_cells": 110,
      "num_walls": 47,
      "num_boxes": 5,
      "num_targets": 5,
      "num_empty": 55,
      "wall_ratio": 0.42727272727272725,
      "box_density": 0.08333333333333333
    },
    "play_data": {
      "total_steps": 50,
      "total_reward": 0.7000000000000023,
      "box_pushes": 2,
      "solved": false,
      "policy_entropy": [
        1.0,
        1.0,
        1.0,
        1.0,
        1.0,
        1.0,
        1.0,
        1.0,
        1.0,
        1.0,
        1.0,
        1.0,
        1.0,
        1.0,
        1.0,
        1.0,
        1.0,
        1.0,
        1.0,
        1.0,
        1.0,
        1.0,
        1.0,
        1.0,
        1.0,
        1.0,
        1.0,
        1.0,
        1.0,
        1.0,
        1.0,
        1.0,
        1.0,
        1.0,
        1.0,
        1.0,
        1.0,
        1.0,
        1.0,
        1.0,
        1.0,
        1.0,
        1.0,
        1.0,
        1.0,
        1.0,
        1.0,
        1.0,
        1.0,
        1.0
      ],
      "value_estimates": [
        0.0,
        0.0,
        0.0,
        0.0,
        0.0,
        0.0,
        0.0,
        0.0,
        0.0,
        0.0,
        0.0,
        0.0,
        0.0,
        0.0,
        0.0,
        0.0,
        0.0,
        0.0,
        0.0,
        0.0,
        0.0,
        0.0,
        0.0,
        0.0,
        0.0,
        0.0,
        0.0,
        0.0,
        0.0,
        0.0,
        0.0,
        0.0,
        0.0,
        0.0,
        0.0,
        0.0,
        0.0,
        0.0,
        0.0,
        0.0,
        0.0,
        0.0,
        0.0,
        0.0,
        0.0,
        0.0,
        0.0,
        0.0,
        0.0,
        0.0
      ],
      "action_sequence": [
        1,
        0,
        2,
        0,
        1,
        0,
        3,
        0,
        3,
        0,
        3,
        1,
        0,
        3,
        3,
        3,
        1,
        3,
        1,
        1,
        3,
        0,
        1,
        1,
        0,
        0,
        0,
        2,
        0,
        0,
        0,
        3,
        0,
        3,
        0,
        2,
        1,
        1,
        0,
        1,
        2,
        2,
        2,
        2,
        3,
        3,
        0,
        2,
        1,
        3
      ],
      "inference_times": [
        0.0,
        0.0,
        0.0,
        0.0,
        0.0,
        0.0,
        0.0,
        0.0,
        0.0,
        0.0,
        0.0,
        0.0,
        0.0,
        0.0,
        0.0,
        0.0,
        0.0,
        0.0,
        0.0,
        0.0,
        0.0,
        0.0,
        0.0,
        0.0,
        0.0,
        0.0,
        0.0,
        0.0005693435668945312,
        0.0,
        0.0,
        0.0,
        0.0,
        0.0,
        0.0,
        0.0,
        0.0,
        0.0,
        0.0,
        0.0,
        0.0,
        0.0,
        0.0,
        0.0,
        0.0,
        0.0,
        0.0,
        0.0,
        0.0,
        0.0,
        0.0
      ],
      "mean_entropy": 1.0,
      "std_entropy": 0.0,
      "mean_value": 0.0,
      "std_value": 0.0,
      "mean_inference_time": 1.1386871337890625e-05
    },
    "difficulty_breakdown": {
      "total_difficulty": 0.34826350636612513,
      "structural_difficulty": 0.25488088481701515,
      "cognitive_difficulty": 0.20017080307006835,
      "solution_difficulty": 0.43916,
      "success_difficulty": 0.8,
      "metrics": {
        "total_steps": 50,
        "total_reward": 0.7000000000000023,
        "box_pushes": 2,
        "solved": false,
        "mean_entropy": 1.0,
        "std_entropy": 0.0,
        "mean_value": 0.0,
        "std_value": 0.0,
        "mean_inference_time": 1.1386871337890625e-05,
        "level_size": [
          10,
          11
        ],
        "num_boxes": 5,
        "num_targets": 5,
        "wall_ratio": 0.0,
        "box_density": 0.0,
        "level_complexity": 0.0
      }
    },
    "generation_time": 1753659333.9454732
  }
}