{
  "id": "stage_053_level_02",
  "level": [
    [
      1,
      1,
      1,
      1,
      1,
      1,
      1
    ],
    [
      1,
      0,
      0,
      0,
      0,
      0,
      1
    ],
    [
      1,
      0,
      0,
      0,
      0,
      5,
      1
    ],
    [
      1,
      0,
      1,
      1,
      0,
      0,
      1
    ],
    [
      1,
      0,
      5,
      0,
      3,
      0,
      1
    ],
    [
      1,
      0,
      0,
      0,
      2,
      0,
      1
    ],
    [
      1,
      0,
      0,
      0,
      0,
      4,
      1
    ],
    [
      1,
      1,
      1,
      1,
      1,
      1,
      1
    ]
  ],
  "shape": [
    8,
    7
  ],
  "created_at": "2025-07-28T08:35:11.972762",
  "metadata": {
    "curriculum_stage": 53,
    "target_difficulty": 0.5302451912585209,
    "measured_difficulty": 0.3198099443206437,
    "generation_parameters": {
      "num_boxes": 3,
      "complexity": 0.5302451912585209,
      "min_size": [
        7,
        7
      ],
      "max_size": [
        9,
        9
      ],
      "target_difficulty": 0.5302451912585209
    },
    "level_stats": {
      "size": [
        8,
        7
      ],
      "total_cells": 56,
      "num_walls": 28,
      "num_boxes": 3,
      "num_targets": 3,
      "num_empty": 23,
      "wall_ratio": 0.5,
      "box_density": 0.11538461538461539
    },
    "play_data": {
      "total_steps": 50,
      "total_reward": -0.9999999999999978,
      "box_pushes": 1,
      "solved": false,
      "policy_entropy": [
        1.0,
        1.0,
        1.0,
        1.0,
        1.0,
        1.0,
        1.0,
        1.0,
        1.0,
        1.0,
        1.0,
        1.0,
        1.0,
        1.0,
        1.0,
        1.0,
        1.0,
        1.0,
        1.0,
        1.0,
        1.0,
        1.0,
        1.0,
        1.0,
        1.0,
        1.0,
        1.0,
        1.0,
        1.0,
        1.0,
        1.0,
        1.0,
        1.0,
        1.0,
        1.0,
        1.0,
        1.0,
        1.0,
        1.0,
        1.0,
        1.0,
        1.0,
        1.0,
        1.0,
        1.0,
        1.0,
        1.0,
        1.0,
        1.0,
        1.0
      ],
      "value_estimates": [
        0.0,
        0.0,
        0.0,
        0.0,
        0.0,
        0.0,
        0.0,
        0.0,
        0.0,
        0.0,
        0.0,
        0.0,
        0.0,
        0.0,
        0.0,
        0.0,
        0.0,
        0.0,
        0.0,
        0.0,
        0.0,
        0.0,
        0.0,
        0.0,
        0.0,
        0.0,
        0.0,
        0.0,
        0.0,
        0.0,
        0.0,
        0.0,
        0.0,
        0.0,
        0.0,
        0.0,
        0.0,
        0.0,
        0.0,
        0.0,
        0.0,
        0.0,
        0.0,
        0.0,
        0.0,
        0.0,
        0.0,
        0.0,
        0.0,
        0.0
      ],
      "action_sequence": [
        2,
        1,
        2,
        1,
        1,
        2,
        1,
        2,
        0,
        2,
        3,
        3,
        2,
        1,
        2,
        1,
        0,
        0,
        3,
        3,
        0,
        2,
        3,
        3,
        3,
        1,
        0,
        1,
        2,
        0,
        2,
        3,
        1,
        2,
        1,
        0,
        0,
        1,
        1,
        2,
        2,
        2,
        1,
        3,
        1,
        3,
        3,
        2,
        2,
        2
      ],
      "inference_times": [
        0.0,
        0.0,
        0.0,
        0.0,
        0.0,
        0.0,
        0.0,
        0.0,
        0.0,
        0.0,
        0.0,
        0.0,
        0.0,
        0.0,
        0.0,
        0.0,
        0.0,
        0.0,
        0.0,
        0.0,
        0.0,
        0.0,
        0.0,
        0.0,
        0.0,
        0.0,
        0.0,
        0.0,
        0.0,
        0.0,
        0.0,
        0.0,
        0.0,
        0.0,
        0.0,
        0.0,
        0.0,
        0.0,
        0.0,
        0.0,
        0.0,
        0.0,
        0.0,
        0.0,
        0.0,
        0.0,
        0.0,
        0.0,
        0.0,
        0.0
      ],
      "mean_entropy": 1.0,
      "std_entropy": 0.0,
      "mean_value": 0.0,
      "std_value": 0.0,
      "mean_inference_time": 0.0
    },
    "difficulty_breakdown": {
      "total_difficulty": 0.3198099443206437,
      "structural_difficulty": 0.1648331477354788,
      "cognitive_difficulty": 0.19999999999999998,
      "solution_difficulty": 0.4345333333333333,
      "success_difficulty": 0.8,
      "metrics": {
        "total_steps": 50,
        "total_reward": -0.9999999999999978,
        "box_pushes": 1,
        "solved": false,
        "mean_entropy": 1.0,
        "std_entropy": 0.0,
        "mean_value": 0.0,
        "std_value": 0.0,
        "mean_inference_time": 0.0,
        "level_size": [
          8,
          7
        ],
        "num_boxes": 3,
        "num_targets": 3,
        "wall_ratio": 0.0,
        "box_density": 0.0,
        "level_complexity": 0.0
      }
    },
    "generation_time": 1753659311.9727628
  }
}