{
  "id": "stage_052_level_01",
  "level": [
    [
      1,
      1,
      1,
      1,
      1,
      1,
      1,
      1,
      1
    ],
    [
      1,
      0,
      1,
      0,
      0,
      0,
      0,
      0,
      1
    ],
    [
      1,
      0,
      0,
      2,
      3,
      0,
      2,
      4,
      1
    ],
    [
      1,
      0,
      0,
      3,
      0,
      0,
      0,
      0,
      1
    ],
    [
      1,
      0,
      0,
      0,
      0,
      0,
      0,
      1,
      1
    ],
    [
      1,
      0,
      0,
      0,
      0,
      0,
      5,
      0,
      1
    ],
    [
      1,
      1,
      1,
      1,
      1,
      1,
      1,
      1,
      1
    ]
  ],
  "shape": [
    7,
    9
  ],
  "created_at": "2025-07-28T08:35:11.952650",
  "metadata": {
    "curriculum_stage": 52,
    "target_difficulty": 0.5181693066085113,
    "measured_difficulty": 0.17353233348101268,
    "generation_parameters": {
      "num_boxes": 3,
      "complexity": 0.5181693066085113,
      "min_size": [
        7,
        7
      ],
      "max_size": [
        9,
        9
      ],
      "target_difficulty": 0.5181693066085113
    },
    "level_stats": {
      "size": [
        7,
        9
      ],
      "total_cells": 63,
      "num_walls": 30,
      "num_boxes": 3,
      "num_targets": 3,
      "num_empty": 27,
      "wall_ratio": 0.47619047619047616,
      "box_density": 0.1
    },
    "play_data": {
      "total_steps": 21,
      "total_reward": 114.4,
      "box_pushes": 2,
      "solved": true,
      "policy_entropy": [
        1.0,
        1.0,
        1.0,
        1.0,
        1.0,
        1.0,
        1.0,
        1.0,
        1.0,
        1.0,
        1.0,
        1.0,
        1.0,
        1.0,
        1.0,
        1.0,
        1.0,
        1.0,
        1.0,
        1.0,
        1.0
      ],
      "value_estimates": [
        0.0,
        0.0,
        0.0,
        0.0,
        0.0,
        0.0,
        0.0,
        0.0,
        0.0,
        0.0,
        0.0,
        0.0,
        0.0,
        0.0,
        0.0,
        0.0,
        0.0,
        0.0,
        0.0,
        0.0,
        0.0
      ],
      "action_sequence": [
        2,
        1,
        0,
        2,
        3,
        2,
        2,
        3,
        2,
        0,
        1,
        0,
        2,
        2,
        0,
        3,
        0,
        0,
        0,
        2,
        1
      ],
      "inference_times": [
        0.0,
        0.0,
        0.0,
        0.0,
        0.0,
        0.0,
        0.0,
        0.0,
        0.0,
        0.0,
        0.0,
        0.0,
        0.0,
        0.0,
        0.0,
        0.0005626678466796875,
        0.0,
        0.0,
        0.0,
        0.0,
        0.0
      ],
      "mean_entropy": 1.0,
      "std_entropy": 0.0,
      "mean_value": 0.0,
      "std_value": 0.0,
      "mean_inference_time": 2.6793706984747023e-05
    },
    "difficulty_breakdown": {
      "total_difficulty": 0.17353233348101268,
      "structural_difficulty": 0.16937253933193772,
      "cognitive_difficulty": 0.2004019056047712,
      "solution_difficulty": 0.10866666666666666,
      "success_difficulty": 0.3,
      "metrics": {
        "total_steps": 21,
        "total_reward": 114.4,
        "box_pushes": 2,
        "solved": true,
        "mean_entropy": 1.0,
        "std_entropy": 0.0,
        "mean_value": 0.0,
        "std_value": 0.0,
        "mean_inference_time": 2.6793706984747023e-05,
        "level_size": [
          7,
          9
        ],
        "num_boxes": 3,
        "num_targets": 3,
        "wall_ratio": 0.0,
        "box_density": 0.0,
        "level_complexity": 0.0
      }
    },
    "generation_time": 1753659311.9526505
  }
}