{
  "id": "stage_003_level_01",
  "level": [
    [
      1,
      1,
      1,
      1,
      1,
      1,
      1
    ],
    [
      1,
      0,
      0,
      3,
      0,
      0,
      1
    ],
    [
      1,
      0,
      0,
      2,
      0,
      0,
      1
    ],
    [
      1,
      0,
      0,
      0,
      0,
      4,
      1
    ],
    [
      1,
      1,
      1,
      1,
      1,
      1,
      1
    ]
  ],
  "shape": [
    5,
    7
  ],
  "created_at": "2025-07-25T15:44:45.129109",
  "metadata": {
    "curriculum_stage": 3,
    "target_difficulty": 0.14256973661912886,
    "measured_difficulty": 0.2135790085800681,
    "generation_parameters": {
      "num_boxes": 1,
      "complexity": 0.14256973661912886,
      "min_size": [
        5,
        5
      ],
      "max_size": [
        7,
        7
      ],
      "target_difficulty": 0.14256973661912886
    },
    "level_stats": {
      "size": [
        5,
        7
      ],
      "total_cells": 35,
      "num_walls": 20,
      "num_boxes": 1,
      "num_targets": 1,
      "num_empty": 12,
      "wall_ratio": 0.5714285714285714,
      "box_density": 0.07692307692307693
    },
    "play_data": {
      "total_steps": 39,
      "total_reward": 100.9,
      "box_pushes": 1,
      "solved": true,
      "policy_entropy": [
        1.0,
        1.0,
        1.0,
        1.0,
        1.0,
        1.0,
        1.0,
        1.0,
        1.0,
        1.0,
        1.0,
        1.0,
        1.0,
        1.0,
        1.0,
        1.0,
        1.0,
        1.0,
        1.0,
        1.0,
        1.0,
        1.0,
        1.0,
        1.0,
        1.0,
        1.0,
        1.0,
        1.0,
        1.0,
        1.0,
        1.0,
        1.0,
        1.0,
        1.0,
        1.0,
        1.0,
        1.0,
        1.0,
        1.0
      ],
      "value_estimates": [
        0.0,
        0.0,
        0.0,
        0.0,
        0.0,
        0.0,
        0.0,
        0.0,
        0.0,
        0.0,
        0.0,
        0.0,
        0.0,
        0.0,
        0.0,
        0.0,
        0.0,
        0.0,
        0.0,
        0.0,
        0.0,
        0.0,
        0.0,
        0.0,
        0.0,
        0.0,
        0.0,
        0.0,
        0.0,
        0.0,
        0.0,
        0.0,
        0.0,
        0.0,
        0.0,
        0.0,
        0.0,
        0.0,
        0.0
      ],
      "action_sequence": [
        2,
        2,
        2,
        0,
        1,
        0,
        0,
        3,
        0,
        0,
        0,
        3,
        1,
        3,
        1,
        2,
        0,
        0,
        0,
        1,
        3,
        2,
        0,
        0,
        0,
        1,
        0,
        1,
        1,
        3,
        2,
        2,
        3,
        3,
        2,
        2,
        3,
        2,
        0
      ],
      "inference_times": [
        0.0,
        0.0,
        0.0,
        0.0,
        0.0,
        0.0,
        0.0,
        0.0,
        0.0,
        0.0,
        0.0,
        0.0,
        0.0,
        0.0,
        0.0,
        0.0,
        0.0,
        0.0,
        0.0,
        0.0,
        0.0,
        0.0,
        0.0,
        0.0,
        0.0,
        0.0,
        0.0,
        0.0,
        0.0,
        0.0,
        0.0,
        0.0,
        0.0,
        0.0,
        0.0,
        0.0,
        0.0,
        0.0,
        0.0
      ],
      "mean_entropy": 1.0,
      "std_entropy": 0.0,
      "mean_value": 0.0,
      "std_value": 0.0,
      "mean_inference_time": 0.0
    },
    "difficulty_breakdown": {
      "total_difficulty": 0.2135790085800681,
      "structural_difficulty": 0.08916079783099616,
      "cognitive_difficulty": 0.19999999999999998,
      "solution_difficulty": 0.32276923076923075,
      "success_difficulty": 0.3,
      "metrics": {
        "total_steps": 39,
        "total_reward": 100.9,
        "box_pushes": 1,
        "solved": true,
        "mean_entropy": 1.0,
        "std_entropy": 0.0,
        "mean_value": 0.0,
        "std_value": 0.0,
        "mean_inference_time": 0.0,
        "level_size": [
          5,
          7
        ],
        "num_boxes": 1,
        "num_targets": 1,
        "wall_ratio": 0.0,
        "box_density": 0.0,
        "level_complexity": 0.0
      }
    },
    "generation_time": 1753425885.1291099
  }
}