{
  "id": "stage_002_level_02",
  "level": [
    [
      1,
      1,
      1,
      1,
      1
    ],
    [
      1,
      0,
      0,
      0,
      1
    ],
    [
      1,
      0,
      2,
      0,
      1
    ],
    [
      1,
      0,
      3,
      4,
      1
    ],
    [
      1,
      0,
      0,
      0,
      1
    ],
    [
      1,
      1,
      1,
      1,
      1
    ]
  ],
  "shape": [
    6,
    5
  ],
  "created_at": "2025-07-25T15:44:45.123111",
  "metadata": {
    "curriculum_stage": 2,
    "target_difficulty": 0.1401921473297182,
    "measured_difficulty": 0.29182169165969485,
    "generation_parameters": {
      "num_boxes": 1,
      "complexity": 0.1401921473297182,
      "min_size": [
        5,
        5
      ],
      "max_size": [
        7,
        7
      ],
      "target_difficulty": 0.1401921473297182
    },
    "level_stats": {
      "size": [
        6,
        5
      ],
      "total_cells": 30,
      "num_walls": 18,
      "num_boxes": 1,
      "num_targets": 1,
      "num_empty": 9,
      "wall_ratio": 0.6,
      "box_density": 0.1
    },
    "play_data": {
      "total_steps": 50,
      "total_reward": -17.499999999999996,
      "box_pushes": 0,
      "solved": false,
      "policy_entropy": [
        1.0,
        1.0,
        1.0,
        1.0,
        1.0,
        1.0,
        1.0,
        1.0,
        1.0,
        1.0,
        1.0,
        1.0,
        1.0,
        1.0,
        1.0,
        1.0,
        1.0,
        1.0,
        1.0,
        1.0,
        1.0,
        1.0,
        1.0,
        1.0,
        1.0,
        1.0,
        1.0,
        1.0,
        1.0,
        1.0,
        1.0,
        1.0,
        1.0,
        1.0,
        1.0,
        1.0,
        1.0,
        1.0,
        1.0,
        1.0,
        1.0,
        1.0,
        1.0,
        1.0,
        1.0,
        1.0,
        1.0,
        1.0,
        1.0,
        1.0
      ],
      "value_estimates": [
        0.0,
        0.0,
        0.0,
        0.0,
        0.0,
        0.0,
        0.0,
        0.0,
        0.0,
        0.0,
        0.0,
        0.0,
        0.0,
        0.0,
        0.0,
        0.0,
        0.0,
        0.0,
        0.0,
        0.0,
        0.0,
        0.0,
        0.0,
        0.0,
        0.0,
        0.0,
        0.0,
        0.0,
        0.0,
        0.0,
        0.0,
        0.0,
        0.0,
        0.0,
        0.0,
        0.0,
        0.0,
        0.0,
        0.0,
        0.0,
        0.0,
        0.0,
        0.0,
        0.0,
        0.0,
        0.0,
        0.0,
        0.0,
        0.0,
        0.0
      ],
      "action_sequence": [
        1,
        0,
        3,
        2,
        0,
        1,
        2,
        0,
        1,
        2,
        3,
        0,
        1,
        2,
        2,
        2,
        3,
        1,
        0,
        2,
        2,
        3,
        1,
        3,
        2,
        2,
        1,
        2,
        2,
        1,
        2,
        3,
        1,
        1,
        0,
        3,
        1,
        2,
        3,
        3,
        1,
        1,
        2,
        3,
        0,
        1,
        1,
        3,
        0,
        2
      ],
      "inference_times": [
        0.0,
        0.0,
        0.0,
        0.0,
        0.0,
        0.0,
        0.0,
        0.0,
        0.0,
        0.0,
        0.0,
        0.0,
        0.0,
        0.0,
        0.0,
        0.0,
        0.0,
        0.0,
        0.0,
        0.0,
        0.0,
        0.0,
        0.0,
        0.0,
        0.0,
        0.0,
        0.0,
        0.0,
        0.0,
        0.0,
        0.0,
        0.0,
        0.0,
        0.0,
        0.0,
        0.0,
        0.0,
        0.0,
        0.0,
        0.0,
        0.0,
        0.0,
        0.0,
        0.0,
        0.0,
        0.0,
        0.0010001659393310547,
        0.0,
        0.0,
        0.0
      ],
      "mean_entropy": 1.0,
      "std_entropy": 0.0,
      "mean_value": 0.0,
      "std_value": 0.0,
      "mean_inference_time": 2.0003318786621095e-05
    },
    "difficulty_breakdown": {
      "total_difficulty": 0.29182169165969485,
      "structural_difficulty": 0.08477225575051661,
      "cognitive_difficulty": 0.2003000497817993,
      "solution_difficulty": 0.42100000000000004,
      "success_difficulty": 0.8,
      "metrics": {
        "total_steps": 50,
        "total_reward": -17.499999999999996,
        "box_pushes": 0,
        "solved": false,
        "mean_entropy": 1.0,
        "std_entropy": 0.0,
        "mean_value": 0.0,
        "std_value": 0.0,
        "mean_inference_time": 2.0003318786621095e-05,
        "level_size": [
          6,
          5
        ],
        "num_boxes": 1,
        "num_targets": 1,
        "wall_ratio": 0.0,
        "box_density": 0.0,
        "level_complexity": 0.0
      }
    },
    "generation_time": 1753425885.1231115
  }
}