{
  "id": "stage_050_level_03",
  "level": [
    [
      1,
      1,
      1,
      1,
      1,
      1,
      1,
      1
    ],
    [
      1,
      0,
      0,
      3,
      0,
      2,
      0,
      1
    ],
    [
      1,
      0,
      0,
      0,
      0,
      1,
      0,
      1
    ],
    [
      1,
      0,
      0,
      0,
      3,
      2,
      4,
      1
    ],
    [
      1,
      0,
      0,
      0,
      0,
      0,
      0,
      1
    ],
    [
      1,
      0,
      0,
      5,
      1,
      0,
      0,
      1
    ],
    [
      1,
      1,
      1,
      1,
      1,
      1,
      1,
      1
    ]
  ],
  "shape": [
    7,
    8
  ],
  "created_at": "2025-07-28T08:35:11.933244",
  "metadata": {
    "curriculum_stage": 50,
    "target_difficulty": 0.49393985767137927,
    "measured_difficulty": 0.3214471808051713,
    "generation_parameters": {
      "num_boxes": 3,
      "complexity": 0.49393985767137927,
      "min_size": [
        7,
        7
      ],
      "max_size": [
        9,
        9
      ],
      "target_difficulty": 0.49393985767137927
    },
    "level_stats": {
      "size": [
        7,
        8
      ],
      "total_cells": 56,
      "num_walls": 28,
      "num_boxes": 3,
      "num_targets": 3,
      "num_empty": 22,
      "wall_ratio": 0.5,
      "box_density": 0.12
    },
    "play_data": {
      "total_steps": 50,
      "total_reward": -5.399999999999997,
      "box_pushes": 1,
      "solved": false,
      "policy_entropy": [
        1.0,
        1.0,
        1.0,
        1.0,
        1.0,
        1.0,
        1.0,
        1.0,
        1.0,
        1.0,
        1.0,
        1.0,
        1.0,
        1.0,
        1.0,
        1.0,
        1.0,
        1.0,
        1.0,
        1.0,
        1.0,
        1.0,
        1.0,
        1.0,
        1.0,
        1.0,
        1.0,
        1.0,
        1.0,
        1.0,
        1.0,
        1.0,
        1.0,
        1.0,
        1.0,
        1.0,
        1.0,
        1.0,
        1.0,
        1.0,
        1.0,
        1.0,
        1.0,
        1.0,
        1.0,
        1.0,
        1.0,
        1.0,
        1.0,
        1.0
      ],
      "value_estimates": [
        0.0,
        0.0,
        0.0,
        0.0,
        0.0,
        0.0,
        0.0,
        0.0,
        0.0,
        0.0,
        0.0,
        0.0,
        0.0,
        0.0,
        0.0,
        0.0,
        0.0,
        0.0,
        0.0,
        0.0,
        0.0,
        0.0,
        0.0,
        0.0,
        0.0,
        0.0,
        0.0,
        0.0,
        0.0,
        0.0,
        0.0,
        0.0,
        0.0,
        0.0,
        0.0,
        0.0,
        0.0,
        0.0,
        0.0,
        0.0,
        0.0,
        0.0,
        0.0,
        0.0,
        0.0,
        0.0,
        0.0,
        0.0,
        0.0,
        0.0
      ],
      "action_sequence": [
        0,
        0,
        0,
        2,
        3,
        1,
        3,
        2,
        0,
        2,
        1,
        1,
        3,
        3,
        1,
        1,
        1,
        1,
        1,
        0,
        0,
        2,
        1,
        2,
        0,
        0,
        0,
        0,
        0,
        1,
        3,
        2,
        1,
        0,
        2,
        1,
        1,
        0,
        1,
        2,
        0,
        0,
        2,
        2,
        0,
        1,
        1,
        1,
        1,
        3
      ],
      "inference_times": [
        0.0005915164947509766,
        0.0,
        0.0,
        0.0,
        0.0,
        0.0,
        0.0,
        0.0,
        0.0,
        0.0,
        0.0,
        0.0,
        0.0,
        0.0,
        0.0,
        0.0,
        0.0,
        0.0,
        0.0,
        0.0,
        0.0,
        0.0,
        0.0,
        0.0,
        0.0,
        0.0,
        0.0,
        0.0,
        0.0,
        0.0,
        0.0,
        0.0,
        0.0,
        0.0,
        0.0,
        0.0,
        0.0,
        0.0,
        0.0,
        0.0,
        0.0,
        0.0,
        0.0,
        0.0,
        0.0,
        0.0,
        0.0,
        0.0,
        0.0,
        0.0
      ],
      "mean_entropy": 1.0,
      "std_entropy": 0.0,
      "mean_value": 0.0,
      "std_value": 0.0,
      "mean_inference_time": 1.183032989501953e-05
    },
    "difficulty_breakdown": {
      "total_difficulty": 0.3214471808051713,
      "structural_difficulty": 0.1648331477354788,
      "cognitive_difficulty": 0.2001774549484253,
      "solution_difficulty": 0.4398133333333334,
      "success_difficulty": 0.8,
      "metrics": {
        "total_steps": 50,
        "total_reward": -5.399999999999997,
        "box_pushes": 1,
        "solved": false,
        "mean_entropy": 1.0,
        "std_entropy": 0.0,
        "mean_value": 0.0,
        "std_value": 0.0,
        "mean_inference_time": 1.183032989501953e-05,
        "level_size": [
          7,
          8
        ],
        "num_boxes": 3,
        "num_targets": 3,
        "wall_ratio": 0.0,
        "box_density": 0.0,
        "level_complexity": 0.0
      }
    },
    "generation_time": 1753659311.9332447
  }
}