{
  "id": "stage_019_level_02",
  "level": [
    [
      1,
      1,
      1,
      1,
      1
    ],
    [
      1,
      0,
      4,
      3,
      1
    ],
    [
      1,
      0,
      0,
      2,
      1
    ],
    [
      1,
      0,
      0,
      0,
      1
    ],
    [
      1,
      0,
      0,
      5,
      1
    ],
    [
      1,
      1,
      1,
      1,
      1
    ]
  ],
  "shape": [
    6,
    5
  ],
  "created_at": "2025-07-28T08:34:38.451991",
  "metadata": {
    "curriculum_stage": 19,
    "target_difficulty": 0.2032664145822675,
    "measured_difficulty": 0.19812891955172898,
    "generation_parameters": {
      "num_boxes": 2,
      "complexity": 0.2032664145822675,
      "min_size": [
        5,
        5
      ],
      "max_size": [
        7,
        7
      ],
      "target_difficulty": 0.2032664145822675
    },
    "level_stats": {
      "size": [
        6,
        5
      ],
      "total_cells": 30,
      "num_walls": 18,
      "num_boxes": 2,
      "num_targets": 2,
      "num_empty": 8,
      "wall_ratio": 0.6,
      "box_density": 0.2
    },
    "play_data": {
      "total_steps": 34,
      "total_reward": 97.80000000000001,
      "box_pushes": 1,
      "solved": true,
      "policy_entropy": [
        1.0,
        1.0,
        1.0,
        1.0,
        1.0,
        1.0,
        1.0,
        1.0,
        1.0,
        1.0,
        1.0,
        1.0,
        1.0,
        1.0,
        1.0,
        1.0,
        1.0,
        1.0,
        1.0,
        1.0,
        1.0,
        1.0,
        1.0,
        1.0,
        1.0,
        1.0,
        1.0,
        1.0,
        1.0,
        1.0,
        1.0,
        1.0,
        1.0,
        1.0
      ],
      "value_estimates": [
        0.0,
        0.0,
        0.0,
        0.0,
        0.0,
        0.0,
        0.0,
        0.0,
        0.0,
        0.0,
        0.0,
        0.0,
        0.0,
        0.0,
        0.0,
        0.0,
        0.0,
        0.0,
        0.0,
        0.0,
        0.0,
        0.0,
        0.0,
        0.0,
        0.0,
        0.0,
        0.0,
        0.0,
        0.0,
        0.0,
        0.0,
        0.0,
        0.0,
        0.0
      ],
      "action_sequence": [
        0,
        3,
        0,
        3,
        2,
        1,
        3,
        2,
        1,
        0,
        0,
        1,
        1,
        3,
        3,
        2,
        1,
        0,
        1,
        2,
        1,
        2,
        0,
        2,
        2,
        0,
        2,
        3,
        1,
        1,
        0,
        3,
        3,
        0
      ],
      "inference_times": [
        0.0,
        0.0,
        0.0,
        0.0,
        0.0,
        0.0,
        0.0,
        0.0,
        0.0,
        0.0,
        0.0,
        0.0,
        0.0,
        0.0,
        0.0,
        0.0,
        0.0,
        0.0,
        0.0,
        0.0,
        0.0,
        0.0,
        0.0,
        0.0,
        0.0,
        0.0,
        0.0,
        0.0,
        0.0,
        0.00055694580078125,
        0.0,
        0.0,
        0.0,
        0.0
      ],
      "mean_entropy": 1.0,
      "std_entropy": 0.0,
      "mean_value": 0.0,
      "std_value": 0.0,
      "mean_inference_time": 1.6380758846507352e-05
    },
    "difficulty_breakdown": {
      "total_difficulty": 0.19812891955172898,
      "structural_difficulty": 0.11477225575051661,
      "cognitive_difficulty": 0.2002457113826976,
      "solution_difficulty": 0.2454117647058823,
      "success_difficulty": 0.3,
      "metrics": {
        "total_steps": 34,
        "total_reward": 97.80000000000001,
        "box_pushes": 1,
        "solved": true,
        "mean_entropy": 1.0,
        "std_entropy": 0.0,
        "mean_value": 0.0,
        "std_value": 0.0,
        "mean_inference_time": 1.6380758846507352e-05,
        "level_size": [
          6,
          5
        ],
        "num_boxes": 2,
        "num_targets": 2,
        "wall_ratio": 0.0,
        "box_density": 0.0,
        "level_complexity": 0.0
      }
    },
    "generation_time": 1753659278.4519916
  }
}