{
  "id": "stage_009_level_03",
  "level": [
    [
      1,
      1,
      1,
      1,
      1
    ],
    [
      1,
      0,
      0,
      0,
      1
    ],
    [
      1,
      0,
      0,
      0,
      1
    ],
    [
      1,
      3,
      2,
      0,
      1
    ],
    [
      1,
      4,
      0,
      0,
      1
    ],
    [
      1,
      1,
      1,
      1,
      1
    ]
  ],
  "shape": [
    6,
    5
  ],
  "created_at": "2025-07-28T08:33:57.370811",
  "metadata": {
    "curriculum_stage": 9,
    "target_difficulty": 0.15984224395276936,
    "measured_difficulty": 0.29044905082870115,
    "generation_parameters": {
      "num_boxes": 1,
      "complexity": 0.15984224395276936,
      "min_size": [
        5,
        5
      ],
      "max_size": [
        7,
        7
      ],
      "target_difficulty": 0.15984224395276936
    },
    "level_stats": {
      "size": [
        6,
        5
      ],
      "total_cells": 30,
      "num_walls": 18,
      "num_boxes": 1,
      "num_targets": 1,
      "num_empty": 9,
      "wall_ratio": 0.6,
      "box_density": 0.1
    },
    "play_data": {
      "total_steps": 50,
      "total_reward": -13.799999999999994,
      "box_pushes": 0,
      "solved": false,
      "policy_entropy": [
        1.0,
        1.0,
        1.0,
        1.0,
        1.0,
        1.0,
        1.0,
        1.0,
        1.0,
        1.0,
        1.0,
        1.0,
        1.0,
        1.0,
        1.0,
        1.0,
        1.0,
        1.0,
        1.0,
        1.0,
        1.0,
        1.0,
        1.0,
        1.0,
        1.0,
        1.0,
        1.0,
        1.0,
        1.0,
        1.0,
        1.0,
        1.0,
        1.0,
        1.0,
        1.0,
        1.0,
        1.0,
        1.0,
        1.0,
        1.0,
        1.0,
        1.0,
        1.0,
        1.0,
        1.0,
        1.0,
        1.0,
        1.0,
        1.0,
        1.0
      ],
      "value_estimates": [
        0.0,
        0.0,
        0.0,
        0.0,
        0.0,
        0.0,
        0.0,
        0.0,
        0.0,
        0.0,
        0.0,
        0.0,
        0.0,
        0.0,
        0.0,
        0.0,
        0.0,
        0.0,
        0.0,
        0.0,
        0.0,
        0.0,
        0.0,
        0.0,
        0.0,
        0.0,
        0.0,
        0.0,
        0.0,
        0.0,
        0.0,
        0.0,
        0.0,
        0.0,
        0.0,
        0.0,
        0.0,
        0.0,
        0.0,
        0.0,
        0.0,
        0.0,
        0.0,
        0.0,
        0.0,
        0.0,
        0.0,
        0.0,
        0.0,
        0.0
      ],
      "action_sequence": [
        3,
        1,
        0,
        0,
        1,
        1,
        3,
        1,
        0,
        1,
        3,
        2,
        1,
        0,
        0,
        3,
        2,
        1,
        3,
        0,
        1,
        1,
        0,
        2,
        3,
        3,
        2,
        3,
        3,
        0,
        2,
        1,
        0,
        2,
        0,
        2,
        1,
        2,
        0,
        1,
        3,
        0,
        0,
        3,
        3,
        1,
        2,
        1,
        3,
        1
      ],
      "inference_times": [
        0.0,
        0.0,
        0.0,
        0.0,
        0.0,
        0.0,
        0.0,
        0.0,
        0.0,
        0.0,
        0.0,
        0.0,
        0.0,
        0.0,
        0.0,
        0.0,
        0.0,
        0.0,
        0.0,
        0.0,
        0.0,
        0.0,
        0.0,
        0.0,
        0.0,
        0.0,
        0.0,
        0.0,
        0.0,
        0.0,
        0.0,
        0.0,
        0.0,
        0.0,
        0.0,
        0.0,
        0.0,
        0.0,
        0.0,
        0.0,
        0.0,
        0.0005486011505126953,
        0.0,
        0.0,
        0.0,
        0.0,
        0.0,
        0.0,
        0.0,
        0.0
      ],
      "mean_entropy": 1.0,
      "std_entropy": 0.0,
      "mean_value": 0.0,
      "std_value": 0.0,
      "mean_inference_time": 1.0972023010253907e-05
    },
    "difficulty_breakdown": {
      "total_difficulty": 0.29044905082870115,
      "structural_difficulty": 0.08477225575051661,
      "cognitive_difficulty": 0.2001645803451538,
      "solution_difficulty": 0.41655999999999993,
      "success_difficulty": 0.8,
      "metrics": {
        "total_steps": 50,
        "total_reward": -13.799999999999994,
        "box_pushes": 0,
        "solved": false,
        "mean_entropy": 1.0,
        "std_entropy": 0.0,
        "mean_value": 0.0,
        "std_value": 0.0,
        "mean_inference_time": 1.0972023010253907e-05,
        "level_size": [
          6,
          5
        ],
        "num_boxes": 1,
        "num_targets": 1,
        "wall_ratio": 0.0,
        "box_density": 0.0,
        "level_complexity": 0.0
      }
    },
    "generation_time": 1753659237.3708115
  }
}