{
  "id": "stage_053_level_01",
  "level": [
    [
      1,
      1,
      1,
      1,
      1,
      1,
      1,
      1,
      1
    ],
    [
      1,
      0,
      0,
      5,
      0,
      0,
      0,
      0,
      1
    ],
    [
      1,
      5,
      0,
      0,
      0,
      0,
      0,
      0,
      1
    ],
    [
      1,
      0,
      0,
      0,
      0,
      0,
      4,
      0,
      1
    ],
    [
      1,
      0,
      0,
      0,
      0,
      0,
      2,
      1,
      1
    ],
    [
      1,
      0,
      0,
      0,
      0,
      0,
      0,
      0,
      1
    ],
    [
      1,
      0,
      0,
      0,
      0,
      0,
      3,
      0,
      1
    ],
    [
      1,
      1,
      0,
      1,
      0,
      0,
      1,
      0,
      1
    ],
    [
      1,
      1,
      1,
      1,
      1,
      1,
      1,
      1,
      1
    ]
  ],
  "shape": [
    9,
    9
  ],
  "created_at": "2025-07-28T08:35:11.967715",
  "metadata": {
    "curriculum_stage": 53,
    "target_difficulty": 0.5302451912585209,
    "measured_difficulty": 0.31784560207748414,
    "generation_parameters": {
      "num_boxes": 3,
      "complexity": 0.5302451912585209,
      "min_size": [
        7,
        7
      ],
      "max_size": [
        9,
        9
      ],
      "target_difficulty": 0.5302451912585209
    },
    "level_stats": {
      "size": [
        9,
        9
      ],
      "total_cells": 81,
      "num_walls": 36,
      "num_boxes": 3,
      "num_targets": 3,
      "num_empty": 40,
      "wall_ratio": 0.4444444444444444,
      "box_density": 0.06976744186046512
    },
    "play_data": {
      "total_steps": 50,
      "total_reward": -10.399999999999991,
      "box_pushes": 0,
      "solved": false,
      "policy_entropy": [
        1.0,
        1.0,
        1.0,
        1.0,
        1.0,
        1.0,
        1.0,
        1.0,
        1.0,
        1.0,
        1.0,
        1.0,
        1.0,
        1.0,
        1.0,
        1.0,
        1.0,
        1.0,
        1.0,
        1.0,
        1.0,
        1.0,
        1.0,
        1.0,
        1.0,
        1.0,
        1.0,
        1.0,
        1.0,
        1.0,
        1.0,
        1.0,
        1.0,
        1.0,
        1.0,
        1.0,
        1.0,
        1.0,
        1.0,
        1.0,
        1.0,
        1.0,
        1.0,
        1.0,
        1.0,
        1.0,
        1.0,
        1.0,
        1.0,
        1.0
      ],
      "value_estimates": [
        0.0,
        0.0,
        0.0,
        0.0,
        0.0,
        0.0,
        0.0,
        0.0,
        0.0,
        0.0,
        0.0,
        0.0,
        0.0,
        0.0,
        0.0,
        0.0,
        0.0,
        0.0,
        0.0,
        0.0,
        0.0,
        0.0,
        0.0,
        0.0,
        0.0,
        0.0,
        0.0,
        0.0,
        0.0,
        0.0,
        0.0,
        0.0,
        0.0,
        0.0,
        0.0,
        0.0,
        0.0,
        0.0,
        0.0,
        0.0,
        0.0,
        0.0,
        0.0,
        0.0,
        0.0,
        0.0,
        0.0,
        0.0,
        0.0,
        0.0
      ],
      "action_sequence": [
        2,
        1,
        0,
        3,
        0,
        3,
        0,
        0,
        3,
        1,
        3,
        1,
        1,
        2,
        1,
        2,
        3,
        0,
        2,
        2,
        0,
        2,
        2,
        2,
        3,
        2,
        3,
        2,
        0,
        0,
        2,
        2,
        2,
        3,
        3,
        1,
        0,
        0,
        2,
        2,
        3,
        3,
        3,
        3,
        3,
        3,
        3,
        3,
        1,
        3
      ],
      "inference_times": [
        0.0005588531494140625,
        0.0,
        0.0,
        0.0,
        0.0,
        0.0,
        0.0,
        0.0,
        0.0,
        0.0,
        0.0,
        0.0,
        0.0,
        0.0,
        0.0,
        0.0,
        0.0,
        0.0,
        0.0,
        0.0,
        0.0,
        0.0,
        0.0,
        0.0,
        0.0,
        0.0,
        0.0,
        0.0,
        0.0,
        0.0,
        0.0,
        0.0,
        0.0,
        0.0,
        0.0,
        0.0005700588226318359,
        0.0,
        0.0,
        0.0,
        0.0,
        0.0,
        0.0,
        0.0,
        0.0,
        0.0,
        0.0,
        0.0,
        0.0,
        0.0,
        0.0
      ],
      "mean_entropy": 1.0,
      "std_entropy": 0.0,
      "mean_value": 0.0,
      "std_value": 0.0,
      "mean_inference_time": 2.257823944091797e-05
    },
    "difficulty_breakdown": {
      "total_difficulty": 0.31784560207748414,
      "structural_difficulty": 0.18,
      "cognitive_difficulty": 0.20033867359161375,
      "solution_difficulty": 0.41247999999999996,
      "success_difficulty": 0.8,
      "metrics": {
        "total_steps": 50,
        "total_reward": -10.399999999999991,
        "box_pushes": 0,
        "solved": false,
        "mean_entropy": 1.0,
        "std_entropy": 0.0,
        "mean_value": 0.0,
        "std_value": 0.0,
        "mean_inference_time": 2.257823944091797e-05,
        "level_size": [
          9,
          9
        ],
        "num_boxes": 3,
        "num_targets": 3,
        "wall_ratio": 0.0,
        "box_density": 0.0,
        "level_complexity": 0.0
      }
    },
    "generation_time": 1753659311.9677155
  }
}