{
  "id": "stage_050_level_01",
  "level": [
    [
      1,
      1,
      1,
      1,
      1,
      1,
      1
    ],
    [
      1,
      5,
      4,
      1,
      0,
      0,
      1
    ],
    [
      1,
      5,
      0,
      2,
      0,
      3,
      1
    ],
    [
      1,
      0,
      0,
      0,
      0,
      0,
      1
    ],
    [
      1,
      0,
      0,
      0,
      1,
      0,
      1
    ],
    [
      1,
      0,
      0,
      0,
      0,
      0,
      1
    ],
    [
      1,
      0,
      0,
      0,
      0,
      0,
      1
    ],
    [
      1,
      1,
      1,
      1,
      1,
      1,
      1
    ]
  ],
  "shape": [
    8,
    7
  ],
  "created_at": "2025-07-28T08:35:11.924468",
  "metadata": {
    "curriculum_stage": 50,
    "target_difficulty": 0.49393985767137927,
    "measured_difficulty": 0.3161617216834672,
    "generation_parameters": {
      "num_boxes": 3,
      "complexity": 0.49393985767137927,
      "min_size": [
        7,
        7
      ],
      "max_size": [
        9,
        9
      ],
      "target_difficulty": 0.49393985767137927
    },
    "level_stats": {
      "size": [
        8,
        7
      ],
      "total_cells": 56,
      "num_walls": 28,
      "num_boxes": 3,
      "num_targets": 3,
      "num_empty": 23,
      "wall_ratio": 0.5,
      "box_density": 0.11538461538461539
    },
    "play_data": {
      "total_steps": 50,
      "total_reward": -18.499999999999996,
      "box_pushes": 0,
      "solved": false,
      "policy_entropy": [
        1.0,
        1.0,
        1.0,
        1.0,
        1.0,
        1.0,
        1.0,
        1.0,
        1.0,
        1.0,
        1.0,
        1.0,
        1.0,
        1.0,
        1.0,
        1.0,
        1.0,
        1.0,
        1.0,
        1.0,
        1.0,
        1.0,
        1.0,
        1.0,
        1.0,
        1.0,
        1.0,
        1.0,
        1.0,
        1.0,
        1.0,
        1.0,
        1.0,
        1.0,
        1.0,
        1.0,
        1.0,
        1.0,
        1.0,
        1.0,
        1.0,
        1.0,
        1.0,
        1.0,
        1.0,
        1.0,
        1.0,
        1.0,
        1.0,
        1.0
      ],
      "value_estimates": [
        0.0,
        0.0,
        0.0,
        0.0,
        0.0,
        0.0,
        0.0,
        0.0,
        0.0,
        0.0,
        0.0,
        0.0,
        0.0,
        0.0,
        0.0,
        0.0,
        0.0,
        0.0,
        0.0,
        0.0,
        0.0,
        0.0,
        0.0,
        0.0,
        0.0,
        0.0,
        0.0,
        0.0,
        0.0,
        0.0,
        0.0,
        0.0,
        0.0,
        0.0,
        0.0,
        0.0,
        0.0,
        0.0,
        0.0,
        0.0,
        0.0,
        0.0,
        0.0,
        0.0,
        0.0,
        0.0,
        0.0,
        0.0,
        0.0,
        0.0
      ],
      "action_sequence": [
        0,
        0,
        3,
        2,
        2,
        3,
        2,
        1,
        1,
        3,
        0,
        2,
        1,
        0,
        2,
        1,
        1,
        1,
        0,
        3,
        2,
        0,
        3,
        2,
        0,
        0,
        1,
        2,
        3,
        1,
        0,
        3,
        3,
        1,
        1,
        2,
        2,
        3,
        3,
        2,
        1,
        3,
        1,
        1,
        2,
        2,
        2,
        0,
        0,
        1
      ],
      "inference_times": [
        0.0,
        0.0,
        0.0,
        0.0,
        0.0,
        0.0,
        0.0,
        0.0,
        0.0,
        0.0,
        0.0,
        0.0,
        0.0,
        0.0,
        0.0,
        0.0,
        0.0,
        0.0,
        0.0,
        0.0,
        0.0,
        0.0,
        0.0,
        0.0,
        0.0,
        0.0,
        0.0,
        0.0,
        0.0,
        0.0005753040313720703,
        0.0,
        0.0,
        0.0,
        0.0,
        0.0,
        0.0,
        0.0,
        0.0,
        0.0,
        0.0,
        0.0,
        0.0,
        0.0,
        0.0,
        0.0,
        0.0,
        0.0,
        0.0,
        0.0,
        0.0
      ],
      "mean_entropy": 1.0,
      "std_entropy": 0.0,
      "mean_value": 0.0,
      "std_value": 0.0,
      "mean_inference_time": 1.1506080627441406e-05
    },
    "difficulty_breakdown": {
      "total_difficulty": 0.3161617216834672,
      "structural_difficulty": 0.1648331477354788,
      "cognitive_difficulty": 0.2001725912094116,
      "solution_difficulty": 0.4222,
      "success_difficulty": 0.8,
      "metrics": {
        "total_steps": 50,
        "total_reward": -18.499999999999996,
        "box_pushes": 0,
        "solved": false,
        "mean_entropy": 1.0,
        "std_entropy": 0.0,
        "mean_value": 0.0,
        "std_value": 0.0,
        "mean_inference_time": 1.1506080627441406e-05,
        "level_size": [
          8,
          7
        ],
        "num_boxes": 3,
        "num_targets": 3,
        "wall_ratio": 0.0,
        "box_density": 0.0,
        "level_complexity": 0.0
      }
    },
    "generation_time": 1753659311.9244683
  }
}