{
  "id": "stage_012_level_03",
  "level": [
    [
      1,
      1,
      1,
      1,
      1
    ],
    [
      1,
      0,
      0,
      0,
      1
    ],
    [
      1,
      0,
      4,
      0,
      1
    ],
    [
      1,
      0,
      0,
      0,
      1
    ],
    [
      1,
      3,
      2,
      0,
      1
    ],
    [
      1,
      1,
      1,
      1,
      1
    ]
  ],
  "shape": [
    6,
    5
  ],
  "created_at": "2025-07-28T08:34:38.367009",
  "metadata": {
    "curriculum_stage": 12,
    "target_difficulty": 0.17071974176564675,
    "measured_difficulty": 0.19561877349934853,
    "generation_parameters": {
      "num_boxes": 1,
      "complexity": 0.17071974176564675,
      "min_size": [
        5,
        5
      ],
      "max_size": [
        7,
        7
      ],
      "target_difficulty": 0.17071974176564675
    },
    "level_stats": {
      "size": [
        6,
        5
      ],
      "total_cells": 30,
      "num_walls": 18,
      "num_boxes": 1,
      "num_targets": 1,
      "num_empty": 9,
      "wall_ratio": 0.6,
      "box_density": 0.1
    },
    "play_data": {
      "total_steps": 31,
      "total_reward": 100.60000000000001,
      "box_pushes": 1,
      "solved": true,
      "policy_entropy": [
        1.0,
        1.0,
        1.0,
        1.0,
        1.0,
        1.0,
        1.0,
        1.0,
        1.0,
        1.0,
        1.0,
        1.0,
        1.0,
        1.0,
        1.0,
        1.0,
        1.0,
        1.0,
        1.0,
        1.0,
        1.0,
        1.0,
        1.0,
        1.0,
        1.0,
        1.0,
        1.0,
        1.0,
        1.0,
        1.0,
        1.0
      ],
      "value_estimates": [
        0.0,
        0.0,
        0.0,
        0.0,
        0.0,
        0.0,
        0.0,
        0.0,
        0.0,
        0.0,
        0.0,
        0.0,
        0.0,
        0.0,
        0.0,
        0.0,
        0.0,
        0.0,
        0.0,
        0.0,
        0.0,
        0.0,
        0.0,
        0.0,
        0.0,
        0.0,
        0.0,
        0.0,
        0.0,
        0.0,
        0.0
      ],
      "action_sequence": [
        3,
        3,
        2,
        1,
        3,
        2,
        0,
        0,
        1,
        2,
        3,
        3,
        0,
        1,
        2,
        0,
        0,
        3,
        0,
        3,
        0,
        3,
        1,
        2,
        0,
        1,
        3,
        1,
        3,
        1,
        2
      ],
      "inference_times": [
        0.0,
        0.0,
        0.0,
        0.0,
        0.0,
        0.0,
        0.0,
        0.0,
        0.0,
        0.0,
        0.0,
        0.0,
        0.0,
        0.0,
        0.0,
        0.0,
        0.0,
        0.0,
        0.0,
        0.0,
        0.0,
        0.0,
        0.0,
        0.0,
        0.0,
        0.0,
        0.0,
        0.0,
        0.0,
        0.0,
        0.0
      ],
      "mean_entropy": 1.0,
      "std_entropy": 0.0,
      "mean_value": 0.0,
      "std_value": 0.0,
      "mean_inference_time": 0.0
    },
    "difficulty_breakdown": {
      "total_difficulty": 0.19561877349934853,
      "structural_difficulty": 0.08477225575051661,
      "cognitive_difficulty": 0.19999999999999998,
      "solution_difficulty": 0.2672903225806451,
      "success_difficulty": 0.3,
      "metrics": {
        "total_steps": 31,
        "total_reward": 100.60000000000001,
        "box_pushes": 1,
        "solved": true,
        "mean_entropy": 1.0,
        "std_entropy": 0.0,
        "mean_value": 0.0,
        "std_value": 0.0,
        "mean_inference_time": 0.0,
        "level_size": [
          6,
          5
        ],
        "num_boxes": 1,
        "num_targets": 1,
        "wall_ratio": 0.0,
        "box_density": 0.0,
        "level_complexity": 0.0
      }
    },
    "generation_time": 1753659278.3670099
  }
}