{
  "id": "stage_020_level_02",
  "level": [
    [
      1,
      1,
      1,
      1,
      1
    ],
    [
      1,
      4,
      0,
      0,
      1
    ],
    [
      1,
      0,
      2,
      3,
      1
    ],
    [
      1,
      0,
      5,
      0,
      1
    ],
    [
      1,
      0,
      0,
      0,
      1
    ],
    [
      1,
      1,
      1,
      1,
      1
    ]
  ],
  "shape": [
    6,
    5
  ],
  "created_at": "2025-07-28T08:34:38.466613",
  "metadata": {
    "curriculum_stage": 20,
    "target_difficulty": 0.20884071305326932,
    "measured_difficulty": 0.31164141560912717,
    "generation_parameters": {
      "num_boxes": 2,
      "complexity": 0.20884071305326932,
      "min_size": [
        5,
        5
      ],
      "max_size": [
        7,
        7
      ],
      "target_difficulty": 0.20884071305326932
    },
    "level_stats": {
      "size": [
        6,
        5
      ],
      "total_cells": 30,
      "num_walls": 18,
      "num_boxes": 2,
      "num_targets": 2,
      "num_empty": 8,
      "wall_ratio": 0.6,
      "box_density": 0.2
    },
    "play_data": {
      "total_steps": 50,
      "total_reward": -5.999999999999997,
      "box_pushes": 1,
      "solved": false,
      "policy_entropy": [
        1.0,
        1.0,
        1.0,
        1.0,
        1.0,
        1.0,
        1.0,
        1.0,
        1.0,
        1.0,
        1.0,
        1.0,
        1.0,
        1.0,
        1.0,
        1.0,
        1.0,
        1.0,
        1.0,
        1.0,
        1.0,
        1.0,
        1.0,
        1.0,
        1.0,
        1.0,
        1.0,
        1.0,
        1.0,
        1.0,
        1.0,
        1.0,
        1.0,
        1.0,
        1.0,
        1.0,
        1.0,
        1.0,
        1.0,
        1.0,
        1.0,
        1.0,
        1.0,
        1.0,
        1.0,
        1.0,
        1.0,
        1.0,
        1.0,
        1.0
      ],
      "value_estimates": [
        0.0,
        0.0,
        0.0,
        0.0,
        0.0,
        0.0,
        0.0,
        0.0,
        0.0,
        0.0,
        0.0,
        0.0,
        0.0,
        0.0,
        0.0,
        0.0,
        0.0,
        0.0,
        0.0,
        0.0,
        0.0,
        0.0,
        0.0,
        0.0,
        0.0,
        0.0,
        0.0,
        0.0,
        0.0,
        0.0,
        0.0,
        0.0,
        0.0,
        0.0,
        0.0,
        0.0,
        0.0,
        0.0,
        0.0,
        0.0,
        0.0,
        0.0,
        0.0,
        0.0,
        0.0,
        0.0,
        0.0,
        0.0,
        0.0,
        0.0
      ],
      "action_sequence": [
        0,
        1,
        1,
        0,
        1,
        0,
        0,
        3,
        0,
        1,
        3,
        1,
        1,
        0,
        2,
        3,
        1,
        1,
        3,
        0,
        1,
        1,
        1,
        1,
        2,
        1,
        2,
        2,
        3,
        0,
        3,
        0,
        1,
        3,
        2,
        3,
        3,
        0,
        0,
        0,
        3,
        1,
        2,
        0,
        2,
        1,
        0,
        2,
        0,
        0
      ],
      "inference_times": [
        0.0,
        0.0,
        0.0,
        0.0,
        0.0,
        0.0,
        0.0,
        0.0,
        0.0,
        0.0,
        0.0,
        0.0,
        0.0,
        0.0,
        0.0,
        0.0,
        0.0,
        0.0,
        0.0,
        0.0,
        0.0,
        0.0,
        0.0,
        0.0,
        0.0,
        0.0,
        0.0,
        0.0,
        0.0,
        0.0,
        0.0,
        0.0,
        0.0,
        0.0,
        0.0005526542663574219,
        0.0,
        0.0,
        0.0,
        0.0,
        0.0,
        0.0,
        0.0,
        0.0,
        0.0,
        0.0,
        0.0,
        0.0,
        0.0,
        0.0,
        0.0
      ],
      "mean_entropy": 1.0,
      "std_entropy": 0.0,
      "mean_value": 0.0,
      "std_value": 0.0,
      "mean_inference_time": 1.1053085327148437e-05
    },
    "difficulty_breakdown": {
      "total_difficulty": 0.31164141560912717,
      "structural_difficulty": 0.11477225575051661,
      "cognitive_difficulty": 0.20016579627990722,
      "solution_difficulty": 0.45719999999999994,
      "success_difficulty": 0.8,
      "metrics": {
        "total_steps": 50,
        "total_reward": -5.999999999999997,
        "box_pushes": 1,
        "solved": false,
        "mean_entropy": 1.0,
        "std_entropy": 0.0,
        "mean_value": 0.0,
        "std_value": 0.0,
        "mean_inference_time": 1.1053085327148437e-05,
        "level_size": [
          6,
          5
        ],
        "num_boxes": 2,
        "num_targets": 2,
        "wall_ratio": 0.0,
        "box_density": 0.0,
        "level_complexity": 0.0
      }
    },
    "generation_time": 1753659278.4666135
  }
}