{
  "id": "stage_099_level_02",
  "level": [
    [
      1,
      1,
      1,
      1,
      1,
      1,
      1,
      1,
      1,
      1
    ],
    [
      1,
      5,
      5,
      0,
      0,
      3,
      0,
      4,
      0,
      1
    ],
    [
      1,
      0,
      0,
      0,
      0,
      2,
      0,
      0,
      1,
      1
    ],
    [
      1,
      0,
      0,
      0,
      0,
      0,
      0,
      0,
      0,
      1
    ],
    [
      1,
      0,
      0,
      0,
      0,
      0,
      0,
      0,
      0,
      1
    ],
    [
      1,
      0,
      0,
      0,
      0,
      0,
      0,
      0,
      0,
      1
    ],
    [
      1,
      0,
      0,
      0,
      1,
      0,
      0,
      0,
      0,
      1
    ],
    [
      1,
      1,
      0,
      0,
      1,
      0,
      0,
      5,
      0,
      1
    ],
    [
      1,
      0,
      0,
      0,
      5,
      0,
      1,
      1,
      0,
      1
    ],
    [
      1,
      1,
      1,
      1,
      1,
      1,
      1,
      1,
      1,
      1
    ]
  ],
  "shape": [
    10,
    10
  ],
  "created_at": "2025-07-28T08:35:33.953702",
  "metadata": {
    "curriculum_stage": 99,
    "target_difficulty": 0.8598078526702818,
    "measured_difficulty": 0.33827106119918826,
    "generation_parameters": {
      "num_boxes": 5,
      "complexity": 0.8598078526702818,
      "min_size": [
        9,
        9
      ],
      "max_size": [
        11,
        11
      ],
      "target_difficulty": 0.8598078526702818
    },
    "level_stats": {
      "size": [
        10,
        10
      ],
      "total_cells": 100,
      "num_walls": 42,
      "num_boxes": 5,
      "num_targets": 5,
      "num_empty": 51,
      "wall_ratio": 0.42,
      "box_density": 0.08928571428571429
    },
    "play_data": {
      "total_steps": 50,
      "total_reward": -8.799999999999992,
      "box_pushes": 0,
      "solved": false,
      "policy_entropy": [
        1.0,
        1.0,
        1.0,
        1.0,
        1.0,
        1.0,
        1.0,
        1.0,
        1.0,
        1.0,
        1.0,
        1.0,
        1.0,
        1.0,
        1.0,
        1.0,
        1.0,
        1.0,
        1.0,
        1.0,
        1.0,
        1.0,
        1.0,
        1.0,
        1.0,
        1.0,
        1.0,
        1.0,
        1.0,
        1.0,
        1.0,
        1.0,
        1.0,
        1.0,
        1.0,
        1.0,
        1.0,
        1.0,
        1.0,
        1.0,
        1.0,
        1.0,
        1.0,
        1.0,
        1.0,
        1.0,
        1.0,
        1.0,
        1.0,
        1.0
      ],
      "value_estimates": [
        0.0,
        0.0,
        0.0,
        0.0,
        0.0,
        0.0,
        0.0,
        0.0,
        0.0,
        0.0,
        0.0,
        0.0,
        0.0,
        0.0,
        0.0,
        0.0,
        0.0,
        0.0,
        0.0,
        0.0,
        0.0,
        0.0,
        0.0,
        0.0,
        0.0,
        0.0,
        0.0,
        0.0,
        0.0,
        0.0,
        0.0,
        0.0,
        0.0,
        0.0,
        0.0,
        0.0,
        0.0,
        0.0,
        0.0,
        0.0,
        0.0,
        0.0,
        0.0,
        0.0,
        0.0,
        0.0,
        0.0,
        0.0,
        0.0,
        0.0
      ],
      "action_sequence": [
        0,
        0,
        2,
        2,
        1,
        3,
        2,
        3,
        3,
        3,
        2,
        2,
        0,
        3,
        2,
        0,
        2,
        1,
        2,
        1,
        0,
        2,
        2,
        0,
        1,
        3,
        3,
        0,
        1,
        3,
        1,
        3,
        2,
        2,
        3,
        2,
        2,
        0,
        1,
        1,
        0,
        2,
        2,
        3,
        3,
        1,
        0,
        0,
        3,
        0
      ],
      "inference_times": [
        0.0005536079406738281,
        0.0,
        0.0,
        0.0,
        0.0,
        0.0,
        0.0,
        0.0,
        0.0,
        0.0,
        0.0,
        0.0,
        0.0,
        0.0,
        0.0,
        0.0,
        0.0,
        0.0005915164947509766,
        0.0,
        0.0,
        0.0,
        0.0,
        0.0,
        0.0,
        0.0,
        0.0,
        0.0,
        0.0,
        0.0,
        0.0,
        0.0,
        0.0,
        0.0,
        0.0,
        0.0,
        0.0,
        0.0,
        0.0,
        0.0,
        0.0,
        0.0,
        0.0,
        0.0,
        0.0,
        0.0,
        0.0,
        0.0,
        0.0,
        0.0,
        0.0
      ],
      "mean_entropy": 1.0,
      "std_entropy": 0.0,
      "mean_value": 0.0,
      "std_value": 0.0,
      "mean_inference_time": 2.2902488708496094e-05
    },
    "difficulty_breakdown": {
      "total_difficulty": 0.33827106119918826,
      "structural_difficulty": 0.25,
      "cognitive_difficulty": 0.20034353733062743,
      "solution_difficulty": 0.4105599999999999,
      "success_difficulty": 0.8,
      "metrics": {
        "total_steps": 50,
        "total_reward": -8.799999999999992,
        "box_pushes": 0,
        "solved": false,
        "mean_entropy": 1.0,
        "std_entropy": 0.0,
        "mean_value": 0.0,
        "std_value": 0.0,
        "mean_inference_time": 2.2902488708496094e-05,
        "level_size": [
          10,
          10
        ],
        "num_boxes": 5,
        "num_targets": 5,
        "wall_ratio": 0.0,
        "box_density": 0.0,
        "level_complexity": 0.0
      }
    },
    "generation_time": 1753659333.953703
  }
}