{
  "id": "stage_051_level_01",
  "level": [
    [
      1,
      1,
      1,
      1,
      1,
      1,
      1
    ],
    [
      1,
      1,
      0,
      0,
      0,
      0,
      1
    ],
    [
      1,
      0,
      0,
      1,
      0,
      0,
      1
    ],
    [
      1,
      0,
      3,
      0,
      0,
      0,
      1
    ],
    [
      1,
      0,
      2,
      0,
      0,
      5,
      1
    ],
    [
      1,
      4,
      0,
      0,
      0,
      0,
      1
    ],
    [
      1,
      0,
      0,
      0,
      0,
      5,
      1
    ],
    [
      1,
      0,
      0,
      1,
      0,
      0,
      1
    ],
    [
      1,
      1,
      1,
      1,
      1,
      1,
      1
    ]
  ],
  "shape": [
    9,
    7
  ],
  "created_at": "2025-07-28T08:35:11.938209",
  "metadata": {
    "curriculum_stage": 51,
    "target_difficulty": 0.506060142328621,
    "measured_difficulty": 0.31449739339519295,
    "generation_parameters": {
      "num_boxes": 3,
      "complexity": 0.506060142328621,
      "min_size": [
        7,
        7
      ],
      "max_size": [
        9,
        9
      ],
      "target_difficulty": 0.506060142328621
    },
    "level_stats": {
      "size": [
        9,
        7
      ],
      "total_cells": 63,
      "num_walls": 31,
      "num_boxes": 3,
      "num_targets": 3,
      "num_empty": 27,
      "wall_ratio": 0.49206349206349204,
      "box_density": 0.1
    },
    "play_data": {
      "total_steps": 50,
      "total_reward": -10.099999999999996,
      "box_pushes": 0,
      "solved": false,
      "policy_entropy": [
        1.0,
        1.0,
        1.0,
        1.0,
        1.0,
        1.0,
        1.0,
        1.0,
        1.0,
        1.0,
        1.0,
        1.0,
        1.0,
        1.0,
        1.0,
        1.0,
        1.0,
        1.0,
        1.0,
        1.0,
        1.0,
        1.0,
        1.0,
        1.0,
        1.0,
        1.0,
        1.0,
        1.0,
        1.0,
        1.0,
        1.0,
        1.0,
        1.0,
        1.0,
        1.0,
        1.0,
        1.0,
        1.0,
        1.0,
        1.0,
        1.0,
        1.0,
        1.0,
        1.0,
        1.0,
        1.0,
        1.0,
        1.0,
        1.0,
        1.0
      ],
      "value_estimates": [
        0.0,
        0.0,
        0.0,
        0.0,
        0.0,
        0.0,
        0.0,
        0.0,
        0.0,
        0.0,
        0.0,
        0.0,
        0.0,
        0.0,
        0.0,
        0.0,
        0.0,
        0.0,
        0.0,
        0.0,
        0.0,
        0.0,
        0.0,
        0.0,
        0.0,
        0.0,
        0.0,
        0.0,
        0.0,
        0.0,
        0.0,
        0.0,
        0.0,
        0.0,
        0.0,
        0.0,
        0.0,
        0.0,
        0.0,
        0.0,
        0.0,
        0.0,
        0.0,
        0.0,
        0.0,
        0.0,
        0.0,
        0.0,
        0.0,
        0.0
      ],
      "action_sequence": [
        1,
        1,
        3,
        0,
        3,
        1,
        0,
        0,
        1,
        2,
        3,
        1,
        2,
        3,
        3,
        2,
        0,
        2,
        3,
        3,
        1,
        2,
        0,
        2,
        2,
        2,
        1,
        0,
        3,
        1,
        3,
        3,
        2,
        3,
        3,
        3,
        3,
        0,
        3,
        0,
        0,
        0,
        3,
        1,
        2,
        0,
        2,
        2,
        2,
        0
      ],
      "inference_times": [
        0.0,
        0.0,
        0.0,
        0.0,
        0.0,
        0.0,
        0.0,
        0.0,
        0.0,
        0.0,
        0.0,
        0.0,
        0.0,
        0.0,
        0.0,
        0.0,
        0.0,
        0.0,
        0.0,
        0.0,
        0.0,
        0.0,
        0.0,
        0.0,
        0.0,
        0.0,
        0.0,
        0.0,
        0.0,
        0.0,
        0.0,
        0.0,
        0.0,
        0.0,
        0.0,
        0.0,
        0.0,
        0.0,
        0.0,
        0.0,
        0.0,
        0.0,
        0.0,
        0.0,
        0.0005514621734619141,
        0.0,
        0.0,
        0.0,
        0.0,
        0.0
      ],
      "mean_entropy": 1.0,
      "std_entropy": 0.0,
      "mean_value": 0.0,
      "std_value": 0.0,
      "mean_inference_time": 1.102924346923828e-05
    },
    "difficulty_breakdown": {
      "total_difficulty": 0.31449739339519295,
      "structural_difficulty": 0.16937253933193772,
      "cognitive_difficulty": 0.20016543865203856,
      "solution_difficulty": 0.41212000000000004,
      "success_difficulty": 0.8,
      "metrics": {
        "total_steps": 50,
        "total_reward": -10.099999999999996,
        "box_pushes": 0,
        "solved": false,
        "mean_entropy": 1.0,
        "std_entropy": 0.0,
        "mean_value": 0.0,
        "std_value": 0.0,
        "mean_inference_time": 1.102924346923828e-05,
        "level_size": [
          9,
          7
        ],
        "num_boxes": 3,
        "num_targets": 3,
        "wall_ratio": 0.0,
        "box_density": 0.0,
        "level_complexity": 0.0
      }
    },
    "generation_time": 1753659311.938209
  }
}