{
  "id": "stage_013_level_02",
  "level": [
    [
      1,
      1,
      1,
      1,
      1,
      1,
      1
    ],
    [
      1,
      0,
      0,
      0,
      0,
      0,
      1
    ],
    [
      1,
      0,
      0,
      0,
      0,
      0,
      1
    ],
    [
      1,
      0,
      2,
      6,
      0,
      0,
      1
    ],
    [
      1,
      0,
      0,
      0,
      0,
      0,
      1
    ],
    [
      1,
      1,
      1,
      1,
      1,
      1,
      1
    ]
  ],
  "shape": [
    6,
    7
  ],
  "created_at": "2025-07-28T08:34:38.373543",
  "metadata": {
    "curriculum_stage": 13,
    "target_difficulty": 0.17472560377346574,
    "measured_difficulty": 0.29425099538395044,
    "generation_parameters": {
      "num_boxes": 1,
      "complexity": 0.17472560377346574,
      "min_size": [
        5,
        5
      ],
      "max_size": [
        7,
        7
      ],
      "target_difficulty": 0.17472560377346574
    },
    "level_stats": {
      "size": [
        6,
        7
      ],
      "total_cells": 42,
      "num_walls": 22,
      "num_boxes": 1,
      "num_targets": 1,
      "num_empty": 18,
      "wall_ratio": 0.5238095238095238,
      "box_density": 0.05263157894736842
    },
    "play_data": {
      "total_steps": 50,
      "total_reward": -15.999999999999995,
      "box_pushes": 0,
      "solved": false,
      "policy_entropy": [
        1.0,
        1.0,
        1.0,
        1.0,
        1.0,
        1.0,
        1.0,
        1.0,
        1.0,
        1.0,
        1.0,
        1.0,
        1.0,
        1.0,
        1.0,
        1.0,
        1.0,
        1.0,
        1.0,
        1.0,
        1.0,
        1.0,
        1.0,
        1.0,
        1.0,
        1.0,
        1.0,
        1.0,
        1.0,
        1.0,
        1.0,
        1.0,
        1.0,
        1.0,
        1.0,
        1.0,
        1.0,
        1.0,
        1.0,
        1.0,
        1.0,
        1.0,
        1.0,
        1.0,
        1.0,
        1.0,
        1.0,
        1.0,
        1.0,
        1.0
      ],
      "value_estimates": [
        0.0,
        0.0,
        0.0,
        0.0,
        0.0,
        0.0,
        0.0,
        0.0,
        0.0,
        0.0,
        0.0,
        0.0,
        0.0,
        0.0,
        0.0,
        0.0,
        0.0,
        0.0,
        0.0,
        0.0,
        0.0,
        0.0,
        0.0,
        0.0,
        0.0,
        0.0,
        0.0,
        0.0,
        0.0,
        0.0,
        0.0,
        0.0,
        0.0,
        0.0,
        0.0,
        0.0,
        0.0,
        0.0,
        0.0,
        0.0,
        0.0,
        0.0,
        0.0,
        0.0,
        0.0,
        0.0,
        0.0,
        0.0,
        0.0,
        0.0
      ],
      "action_sequence": [
        0,
        1,
        3,
        2,
        0,
        2,
        0,
        1,
        1,
        0,
        3,
        1,
        3,
        1,
        3,
        1,
        0,
        1,
        3,
        0,
        3,
        1,
        3,
        0,
        3,
        1,
        0,
        1,
        1,
        1,
        3,
        0,
        0,
        0,
        2,
        3,
        0,
        0,
        1,
        0,
        1,
        3,
        1,
        3,
        2,
        0,
        0,
        0,
        3,
        3
      ],
      "inference_times": [
        0.0,
        0.0,
        0.0,
        0.0,
        0.0,
        0.0,
        0.0,
        0.0,
        0.0,
        0.0,
        0.0,
        0.0,
        0.0,
        0.0,
        0.0,
        0.0,
        0.0,
        0.0,
        0.0,
        0.0,
        0.0,
        0.0,
        0.0,
        0.0,
        0.0,
        0.0,
        0.0,
        0.0,
        0.0,
        0.0,
        0.0,
        0.0,
        0.0005419254302978516,
        0.0,
        0.0,
        0.0,
        0.0,
        0.0,
        0.0,
        0.0,
        0.0,
        0.0,
        0.0,
        0.0,
        0.0,
        0.0,
        0.0,
        0.0,
        0.0,
        0.0
      ],
      "mean_entropy": 1.0,
      "std_entropy": 0.0,
      "mean_value": 0.0,
      "std_value": 0.0,
      "mean_inference_time": 1.0838508605957031e-05
    },
    "difficulty_breakdown": {
      "total_difficulty": 0.29425099538395044,
      "structural_difficulty": 0.09480740698407861,
      "cognitive_difficulty": 0.20016257762908934,
      "solution_difficulty": 0.4192,
      "success_difficulty": 0.8,
      "metrics": {
        "total_steps": 50,
        "total_reward": -15.999999999999995,
        "box_pushes": 0,
        "solved": false,
        "mean_entropy": 1.0,
        "std_entropy": 0.0,
        "mean_value": 0.0,
        "std_value": 0.0,
        "mean_inference_time": 1.0838508605957031e-05,
        "level_size": [
          6,
          7
        ],
        "num_boxes": 1,
        "num_targets": 1,
        "wall_ratio": 0.0,
        "box_density": 0.0,
        "level_complexity": 0.0
      }
    },
    "generation_time": 1753659278.3735437
  }
}