{
  "id": "stage_025_level_01",
  "level": [
    [
      1,
      1,
      1,
      1,
      1,
      1
    ],
    [
      1,
      0,
      0,
      4,
      0,
      1
    ],
    [
      1,
      0,
      0,
      0,
      0,
      1
    ],
    [
      1,
      0,
      0,
      0,
      0,
      1
    ],
    [
      1,
      0,
      5,
      0,
      0,
      1
    ],
    [
      1,
      0,
      2,
      3,
      0,
      1
    ],
    [
      1,
      1,
      1,
      1,
      1,
      1
    ]
  ],
  "shape": [
    7,
    6
  ],
  "created_at": "2025-07-28T08:34:38.523308",
  "metadata": {
    "curriculum_stage": 25,
    "target_difficulty": 0.24059499431446407,
    "measured_difficulty": 0.30213510267231103,
    "generation_parameters": {
      "num_boxes": 2,
      "complexity": 0.24059499431446407,
      "min_size": [
        6,
        6
      ],
      "max_size": [
        8,
        8
      ],
      "target_difficulty": 0.24059499431446407
    },
    "level_stats": {
      "size": [
        7,
        6
      ],
      "total_cells": 42,
      "num_walls": 22,
      "num_boxes": 2,
      "num_targets": 2,
      "num_empty": 16,
      "wall_ratio": 0.5238095238095238,
      "box_density": 0.1111111111111111
    },
    "play_data": {
      "total_steps": 50,
      "total_reward": -12.899999999999993,
      "box_pushes": 0,
      "solved": false,
      "policy_entropy": [
        1.0,
        1.0,
        1.0,
        1.0,
        1.0,
        1.0,
        1.0,
        1.0,
        1.0,
        1.0,
        1.0,
        1.0,
        1.0,
        1.0,
        1.0,
        1.0,
        1.0,
        1.0,
        1.0,
        1.0,
        1.0,
        1.0,
        1.0,
        1.0,
        1.0,
        1.0,
        1.0,
        1.0,
        1.0,
        1.0,
        1.0,
        1.0,
        1.0,
        1.0,
        1.0,
        1.0,
        1.0,
        1.0,
        1.0,
        1.0,
        1.0,
        1.0,
        1.0,
        1.0,
        1.0,
        1.0,
        1.0,
        1.0,
        1.0,
        1.0
      ],
      "value_estimates": [
        0.0,
        0.0,
        0.0,
        0.0,
        0.0,
        0.0,
        0.0,
        0.0,
        0.0,
        0.0,
        0.0,
        0.0,
        0.0,
        0.0,
        0.0,
        0.0,
        0.0,
        0.0,
        0.0,
        0.0,
        0.0,
        0.0,
        0.0,
        0.0,
        0.0,
        0.0,
        0.0,
        0.0,
        0.0,
        0.0,
        0.0,
        0.0,
        0.0,
        0.0,
        0.0,
        0.0,
        0.0,
        0.0,
        0.0,
        0.0,
        0.0,
        0.0,
        0.0,
        0.0,
        0.0,
        0.0,
        0.0,
        0.0,
        0.0,
        0.0
      ],
      "action_sequence": [
        2,
        2,
        3,
        3,
        1,
        3,
        0,
        3,
        0,
        2,
        2,
        0,
        1,
        3,
        1,
        1,
        3,
        3,
        0,
        0,
        3,
        3,
        1,
        1,
        1,
        1,
        2,
        1,
        0,
        0,
        1,
        1,
        1,
        2,
        2,
        0,
        2,
        2,
        1,
        3,
        1,
        0,
        2,
        0,
        0,
        1,
        2,
        3,
        0,
        0
      ],
      "inference_times": [
        0.0,
        0.0,
        0.0,
        0.0,
        0.0,
        0.0,
        0.0,
        0.0,
        0.0,
        0.0,
        0.0,
        0.0,
        0.0,
        0.0,
        0.0,
        0.0,
        0.0,
        0.0,
        0.0,
        0.0,
        0.0,
        0.0,
        0.0,
        0.0,
        0.0,
        0.0,
        0.0,
        0.0,
        0.0,
        0.0,
        0.0,
        0.0,
        0.0,
        0.0,
        0.0005431175231933594,
        0.0,
        0.0,
        0.0,
        0.0,
        0.0,
        0.0,
        0.0,
        0.0,
        0.0,
        0.0,
        0.0,
        0.0,
        0.0,
        0.0,
        0.0
      ],
      "mean_entropy": 1.0,
      "std_entropy": 0.0,
      "mean_value": 0.0,
      "std_value": 0.0,
      "mean_inference_time": 1.0862350463867188e-05
    },
    "difficulty_breakdown": {
      "total_difficulty": 0.30213510267231103,
      "structural_difficulty": 0.1248074069840786,
      "cognitive_difficulty": 0.200162935256958,
      "solution_difficulty": 0.41547999999999996,
      "success_difficulty": 0.8,
      "metrics": {
        "total_steps": 50,
        "total_reward": -12.899999999999993,
        "box_pushes": 0,
        "solved": false,
        "mean_entropy": 1.0,
        "std_entropy": 0.0,
        "mean_value": 0.0,
        "std_value": 0.0,
        "mean_inference_time": 1.0862350463867188e-05,
        "level_size": [
          7,
          6
        ],
        "num_boxes": 2,
        "num_targets": 2,
        "wall_ratio": 0.0,
        "box_density": 0.0,
        "level_complexity": 0.0
      }
    },
    "generation_time": 1753659278.5233088
  }
}