{
  "id": "stage_050_level_02",
  "level": [
    [
      1,
      1,
      1,
      1,
      1,
      1,
      1,
      1
    ],
    [
      1,
      0,
      0,
      0,
      0,
      0,
      0,
      1
    ],
    [
      1,
      5,
      4,
      0,
      2,
      0,
      0,
      1
    ],
    [
      1,
      0,
      0,
      0,
      0,
      0,
      0,
      1
    ],
    [
      1,
      1,
      0,
      5,
      1,
      3,
      0,
      1
    ],
    [
      1,
      0,
      0,
      0,
      0,
      0,
      0,
      1
    ],
    [
      1,
      0,
      1,
      0,
      0,
      0,
      0,
      1
    ],
    [
      1,
      1,
      1,
      1,
      1,
      1,
      1,
      1
    ]
  ],
  "shape": [
    8,
    8
  ],
  "created_at": "2025-07-28T08:35:11.928797",
  "metadata": {
    "curriculum_stage": 50,
    "target_difficulty": 0.49393985767137927,
    "measured_difficulty": 0.3155851380691529,
    "generation_parameters": {
      "num_boxes": 3,
      "complexity": 0.49393985767137927,
      "min_size": [
        7,
        7
      ],
      "max_size": [
        9,
        9
      ],
      "target_difficulty": 0.49393985767137927
    },
    "level_stats": {
      "size": [
        8,
        8
      ],
      "total_cells": 64,
      "num_walls": 31,
      "num_boxes": 3,
      "num_targets": 3,
      "num_empty": 28,
      "wall_ratio": 0.484375,
      "box_density": 0.0967741935483871
    },
    "play_data": {
      "total_steps": 50,
      "total_reward": -12.599999999999989,
      "box_pushes": 0,
      "solved": false,
      "policy_entropy": [
        1.0,
        1.0,
        1.0,
        1.0,
        1.0,
        1.0,
        1.0,
        1.0,
        1.0,
        1.0,
        1.0,
        1.0,
        1.0,
        1.0,
        1.0,
        1.0,
        1.0,
        1.0,
        1.0,
        1.0,
        1.0,
        1.0,
        1.0,
        1.0,
        1.0,
        1.0,
        1.0,
        1.0,
        1.0,
        1.0,
        1.0,
        1.0,
        1.0,
        1.0,
        1.0,
        1.0,
        1.0,
        1.0,
        1.0,
        1.0,
        1.0,
        1.0,
        1.0,
        1.0,
        1.0,
        1.0,
        1.0,
        1.0,
        1.0,
        1.0
      ],
      "value_estimates": [
        0.0,
        0.0,
        0.0,
        0.0,
        0.0,
        0.0,
        0.0,
        0.0,
        0.0,
        0.0,
        0.0,
        0.0,
        0.0,
        0.0,
        0.0,
        0.0,
        0.0,
        0.0,
        0.0,
        0.0,
        0.0,
        0.0,
        0.0,
        0.0,
        0.0,
        0.0,
        0.0,
        0.0,
        0.0,
        0.0,
        0.0,
        0.0,
        0.0,
        0.0,
        0.0,
        0.0,
        0.0,
        0.0,
        0.0,
        0.0,
        0.0,
        0.0,
        0.0,
        0.0,
        0.0,
        0.0,
        0.0,
        0.0,
        0.0,
        0.0
      ],
      "action_sequence": [
        0,
        1,
        2,
        2,
        0,
        0,
        0,
        3,
        0,
        2,
        2,
        1,
        1,
        2,
        0,
        1,
        0,
        3,
        1,
        1,
        1,
        3,
        3,
        3,
        0,
        3,
        2,
        3,
        0,
        2,
        3,
        1,
        1,
        3,
        0,
        0,
        3,
        2,
        0,
        2,
        3,
        3,
        3,
        3,
        1,
        0,
        1,
        0,
        2,
        0
      ],
      "inference_times": [
        0.0,
        0.0,
        0.0005459785461425781,
        0.0,
        0.0,
        0.0,
        0.0,
        0.0,
        0.0,
        0.0,
        0.0,
        0.0,
        0.0,
        0.0,
        0.0,
        0.0,
        0.0,
        0.0,
        0.0,
        0.0,
        0.0,
        0.0,
        0.0,
        0.0,
        0.0,
        0.0,
        0.0,
        0.0,
        0.0,
        0.0,
        0.0,
        0.0,
        0.0,
        0.0,
        0.0,
        0.0,
        0.0,
        0.0,
        0.0,
        0.0,
        0.0,
        0.0,
        0.0,
        0.0,
        0.0,
        0.0,
        0.0,
        0.0,
        0.0,
        0.0
      ],
      "mean_entropy": 1.0,
      "std_entropy": 0.0,
      "mean_value": 0.0,
      "std_value": 0.0,
      "mean_inference_time": 1.0919570922851562e-05
    },
    "difficulty_breakdown": {
      "total_difficulty": 0.3155851380691529,
      "structural_difficulty": 0.17,
      "cognitive_difficulty": 0.20016379356384276,
      "solution_difficulty": 0.41512000000000004,
      "success_difficulty": 0.8,
      "metrics": {
        "total_steps": 50,
        "total_reward": -12.599999999999989,
        "box_pushes": 0,
        "solved": false,
        "mean_entropy": 1.0,
        "std_entropy": 0.0,
        "mean_value": 0.0,
        "std_value": 0.0,
        "mean_inference_time": 1.0919570922851562e-05,
        "level_size": [
          8,
          8
        ],
        "num_boxes": 3,
        "num_targets": 3,
        "wall_ratio": 0.0,
        "box_density": 0.0,
        "level_complexity": 0.0
      }
    },
    "generation_time": 1753659311.928251
  }
}