{
  "id": "stage_011_level_02",
  "level": [
    [
      1,
      1,
      1,
      1,
      1,
      1,
      1
    ],
    [
      1,
      0,
      0,
      0,
      0,
      6,
      1
    ],
    [
      1,
      0,
      0,
      0,
      0,
      2,
      1
    ],
    [
      1,
      0,
      0,
      0,
      0,
      0,
      1
    ],
    [
      1,
      1,
      1,
      1,
      1,
      1,
      1
    ]
  ],
  "shape": [
    5,
    7
  ],
  "created_at": "2025-07-28T08:34:38.355542",
  "metadata": {
    "curriculum_stage": 11,
    "target_difficulty": 0.16690881363006926,
    "measured_difficulty": 0.2933853774184517,
    "generation_parameters": {
      "num_boxes": 1,
      "complexity": 0.16690881363006926,
      "min_size": [
        5,
        5
      ],
      "max_size": [
        7,
        7
      ],
      "target_difficulty": 0.16690881363006926
    },
    "level_stats": {
      "size": [
        5,
        7
      ],
      "total_cells": 35,
      "num_walls": 20,
      "num_boxes": 1,
      "num_targets": 1,
      "num_empty": 13,
      "wall_ratio": 0.5714285714285714,
      "box_density": 0.07142857142857142
    },
    "play_data": {
      "total_steps": 50,
      "total_reward": -18.299999999999997,
      "box_pushes": 0,
      "solved": false,
      "policy_entropy": [
        1.0,
        1.0,
        1.0,
        1.0,
        1.0,
        1.0,
        1.0,
        1.0,
        1.0,
        1.0,
        1.0,
        1.0,
        1.0,
        1.0,
        1.0,
        1.0,
        1.0,
        1.0,
        1.0,
        1.0,
        1.0,
        1.0,
        1.0,
        1.0,
        1.0,
        1.0,
        1.0,
        1.0,
        1.0,
        1.0,
        1.0,
        1.0,
        1.0,
        1.0,
        1.0,
        1.0,
        1.0,
        1.0,
        1.0,
        1.0,
        1.0,
        1.0,
        1.0,
        1.0,
        1.0,
        1.0,
        1.0,
        1.0,
        1.0,
        1.0
      ],
      "value_estimates": [
        0.0,
        0.0,
        0.0,
        0.0,
        0.0,
        0.0,
        0.0,
        0.0,
        0.0,
        0.0,
        0.0,
        0.0,
        0.0,
        0.0,
        0.0,
        0.0,
        0.0,
        0.0,
        0.0,
        0.0,
        0.0,
        0.0,
        0.0,
        0.0,
        0.0,
        0.0,
        0.0,
        0.0,
        0.0,
        0.0,
        0.0,
        0.0,
        0.0,
        0.0,
        0.0,
        0.0,
        0.0,
        0.0,
        0.0,
        0.0,
        0.0,
        0.0,
        0.0,
        0.0,
        0.0,
        0.0,
        0.0,
        0.0,
        0.0,
        0.0
      ],
      "action_sequence": [
        0,
        2,
        2,
        1,
        1,
        2,
        3,
        1,
        3,
        2,
        3,
        0,
        1,
        1,
        3,
        3,
        2,
        0,
        3,
        0,
        3,
        0,
        0,
        2,
        0,
        0,
        0,
        1,
        0,
        2,
        2,
        2,
        0,
        1,
        3,
        3,
        2,
        2,
        3,
        2,
        2,
        2,
        3,
        3,
        3,
        3,
        3,
        0,
        2,
        2
      ],
      "inference_times": [
        0.0,
        0.0005459785461425781,
        0.0,
        0.0,
        0.0,
        0.0,
        0.0,
        0.0,
        0.0,
        0.0,
        0.0,
        0.0,
        0.0,
        0.0,
        0.0,
        0.0,
        0.0,
        0.0,
        0.0,
        0.0,
        0.0,
        0.0,
        0.0,
        0.0,
        0.0,
        0.0,
        0.0,
        0.0,
        0.0,
        0.0,
        0.0,
        0.0,
        0.0,
        0.0,
        0.0,
        0.0,
        0.0,
        0.0,
        0.0,
        0.0,
        0.0,
        0.0,
        0.0,
        0.0,
        0.0,
        0.0,
        0.0,
        0.0,
        0.0,
        0.0
      ],
      "mean_entropy": 1.0,
      "std_entropy": 0.0,
      "mean_value": 0.0,
      "std_value": 0.0,
      "mean_inference_time": 1.0919570922851562e-05
    },
    "difficulty_breakdown": {
      "total_difficulty": 0.2933853774184517,
      "structural_difficulty": 0.08916079783099616,
      "cognitive_difficulty": 0.20016379356384276,
      "solution_difficulty": 0.42196,
      "success_difficulty": 0.8,
      "metrics": {
        "total_steps": 50,
        "total_reward": -18.299999999999997,
        "box_pushes": 0,
        "solved": false,
        "mean_entropy": 1.0,
        "std_entropy": 0.0,
        "mean_value": 0.0,
        "std_value": 0.0,
        "mean_inference_time": 1.0919570922851562e-05,
        "level_size": [
          5,
          7
        ],
        "num_boxes": 1,
        "num_targets": 1,
        "wall_ratio": 0.0,
        "box_density": 0.0,
        "level_complexity": 0.0
      }
    },
    "generation_time": 1753659278.3555424
  }
}