{
  "id": "stage_054_level_02",
  "level": [
    [
      1,
      1,
      1,
      1,
      1,
      1,
      1,
      1
    ],
    [
      1,
      0,
      0,
      0,
      0,
      1,
      0,
      1
    ],
    [
      1,
      5,
      0,
      0,
      0,
      0,
      0,
      1
    ],
    [
      1,
      0,
      1,
      0,
      0,
      0,
      0,
      1
    ],
    [
      1,
      0,
      0,
      0,
      0,
      0,
      0,
      1
    ],
    [
      1,
      0,
      0,
      0,
      0,
      4,
      1,
      1
    ],
    [
      1,
      0,
      5,
      0,
      0,
      2,
      0,
      1
    ],
    [
      1,
      0,
      0,
      0,
      0,
      3,
      0,
      1
    ],
    [
      1,
      1,
      1,
      1,
      1,
      1,
      1,
      1
    ]
  ],
  "shape": [
    9,
    8
  ],
  "created_at": "2025-07-28T08:35:11.988508",
  "metadata": {
    "curriculum_stage": 54,
    "target_difficulty": 0.5422658802661133,
    "measured_difficulty": 0.31619984412271573,
    "generation_parameters": {
      "num_boxes": 3,
      "complexity": 0.5422658802661133,
      "min_size": [
        7,
        7
      ],
      "max_size": [
        9,
        9
      ],
      "target_difficulty": 0.5422658802661133
    },
    "level_stats": {
      "size": [
        9,
        8
      ],
      "total_cells": 72,
      "num_walls": 33,
      "num_boxes": 3,
      "num_targets": 3,
      "num_empty": 34,
      "wall_ratio": 0.4583333333333333,
      "box_density": 0.08108108108108109
    },
    "play_data": {
      "total_steps": 50,
      "total_reward": -10.39999999999999,
      "box_pushes": 0,
      "solved": false,
      "policy_entropy": [
        1.0,
        1.0,
        1.0,
        1.0,
        1.0,
        1.0,
        1.0,
        1.0,
        1.0,
        1.0,
        1.0,
        1.0,
        1.0,
        1.0,
        1.0,
        1.0,
        1.0,
        1.0,
        1.0,
        1.0,
        1.0,
        1.0,
        1.0,
        1.0,
        1.0,
        1.0,
        1.0,
        1.0,
        1.0,
        1.0,
        1.0,
        1.0,
        1.0,
        1.0,
        1.0,
        1.0,
        1.0,
        1.0,
        1.0,
        1.0,
        1.0,
        1.0,
        1.0,
        1.0,
        1.0,
        1.0,
        1.0,
        1.0,
        1.0,
        1.0
      ],
      "value_estimates": [
        0.0,
        0.0,
        0.0,
        0.0,
        0.0,
        0.0,
        0.0,
        0.0,
        0.0,
        0.0,
        0.0,
        0.0,
        0.0,
        0.0,
        0.0,
        0.0,
        0.0,
        0.0,
        0.0,
        0.0,
        0.0,
        0.0,
        0.0,
        0.0,
        0.0,
        0.0,
        0.0,
        0.0,
        0.0,
        0.0,
        0.0,
        0.0,
        0.0,
        0.0,
        0.0,
        0.0,
        0.0,
        0.0,
        0.0,
        0.0,
        0.0,
        0.0,
        0.0,
        0.0,
        0.0,
        0.0,
        0.0,
        0.0,
        0.0,
        0.0
      ],
      "action_sequence": [
        3,
        0,
        3,
        3,
        2,
        2,
        3,
        3,
        0,
        1,
        3,
        2,
        3,
        0,
        3,
        1,
        0,
        2,
        2,
        3,
        2,
        3,
        0,
        0,
        1,
        3,
        2,
        2,
        3,
        0,
        1,
        1,
        3,
        2,
        1,
        2,
        1,
        0,
        0,
        0,
        2,
        2,
        3,
        1,
        0,
        3,
        0,
        2,
        3,
        2
      ],
      "inference_times": [
        0.0,
        0.0,
        0.0,
        0.0,
        0.0,
        0.0,
        0.0,
        0.0,
        0.0,
        0.0,
        0.0,
        0.0,
        0.0,
        0.0,
        0.0,
        0.0,
        0.0,
        0.0,
        0.0,
        0.0,
        0.0,
        0.0,
        0.0,
        0.0,
        0.0,
        0.0,
        0.0,
        0.0,
        0.0,
        0.0,
        0.0,
        0.0,
        0.0,
        0.0,
        0.0,
        0.0,
        0.0,
        0.0,
        0.0,
        0.0,
        0.0,
        0.0,
        0.0,
        0.0,
        0.0,
        0.0,
        0.0,
        0.0,
        0.0,
        0.0
      ],
      "mean_entropy": 1.0,
      "std_entropy": 0.0,
      "mean_value": 0.0,
      "std_value": 0.0,
      "mean_inference_time": 0.0
    },
    "difficulty_breakdown": {
      "total_difficulty": 0.31619984412271573,
      "structural_difficulty": 0.1748528137423857,
      "cognitive_difficulty": 0.19999999999999998,
      "solution_difficulty": 0.41247999999999996,
      "success_difficulty": 0.8,
      "metrics": {
        "total_steps": 50,
        "total_reward": -10.39999999999999,
        "box_pushes": 0,
        "solved": false,
        "mean_entropy": 1.0,
        "std_entropy": 0.0,
        "mean_value": 0.0,
        "std_value": 0.0,
        "mean_inference_time": 0.0,
        "level_size": [
          9,
          8
        ],
        "num_boxes": 3,
        "num_targets": 3,
        "wall_ratio": 0.0,
        "box_density": 0.0,
        "level_complexity": 0.0
      }
    },
    "generation_time": 1753659311.9885085
  }
}