{
  "id": "stage_100_level_02",
  "level": [
    [
      1,
      1,
      1,
      1,
      1,
      1,
      1,
      1,
      1,
      1,
      1
    ],
    [
      1,
      0,
      0,
      0,
      1,
      0,
      0,
      0,
      0,
      0,
      1
    ],
    [
      1,
      0,
      0,
      0,
      0,
      0,
      0,
      2,
      4,
      5,
      1
    ],
    [
      1,
      0,
      0,
      0,
      0,
      3,
      0,
      0,
      0,
      0,
      1
    ],
    [
      1,
      0,
      0,
      0,
      0,
      0,
      1,
      0,
      1,
      1,
      1
    ],
    [
      1,
      0,
      5,
      0,
      0,
      0,
      0,
      1,
      1,
      0,
      1
    ],
    [
      1,
      0,
      0,
      5,
      0,
      0,
      0,
      5,
      1,
      0,
      1
    ],
    [
      1,
      0,
      0,
      0,
      0,
      0,
      0,
      0,
      0,
      0,
      1
    ],
    [
      1,
      0,
      0,
      1,
      0,
      0,
      1,
      0,
      0,
      0,
      1
    ],
    [
      1,
      1,
      1,
      1,
      1,
      1,
      1,
      1,
      1,
      1,
      1
    ]
  ],
  "shape": [
    10,
    11
  ],
  "created_at": "2025-07-28T08:35:33.972893",
  "metadata": {
    "curriculum_stage": 100,
    "target_difficulty": 0.8620593014579467,
    "measured_difficulty": 0.3399679229348812,
    "generation_parameters": {
      "num_boxes": 5,
      "complexity": 0.8620593014579467,
      "min_size": [
        9,
        9
      ],
      "max_size": [
        11,
        11
      ],
      "target_difficulty": 0.8620593014579467
    },
    "level_stats": {
      "size": [
        10,
        11
      ],
      "total_cells": 110,
      "num_walls": 47,
      "num_boxes": 5,
      "num_targets": 5,
      "num_empty": 56,
      "wall_ratio": 0.42727272727272725,
      "box_density": 0.08196721311475409
    },
    "play_data": {
      "total_steps": 50,
      "total_reward": -9.599999999999993,
      "box_pushes": 0,
      "solved": false,
      "policy_entropy": [
        1.0,
        1.0,
        1.0,
        1.0,
        1.0,
        1.0,
        1.0,
        1.0,
        1.0,
        1.0,
        1.0,
        1.0,
        1.0,
        1.0,
        1.0,
        1.0,
        1.0,
        1.0,
        1.0,
        1.0,
        1.0,
        1.0,
        1.0,
        1.0,
        1.0,
        1.0,
        1.0,
        1.0,
        1.0,
        1.0,
        1.0,
        1.0,
        1.0,
        1.0,
        1.0,
        1.0,
        1.0,
        1.0,
        1.0,
        1.0,
        1.0,
        1.0,
        1.0,
        1.0,
        1.0,
        1.0,
        1.0,
        1.0,
        1.0,
        1.0
      ],
      "value_estimates": [
        0.0,
        0.0,
        0.0,
        0.0,
        0.0,
        0.0,
        0.0,
        0.0,
        0.0,
        0.0,
        0.0,
        0.0,
        0.0,
        0.0,
        0.0,
        0.0,
        0.0,
        0.0,
        0.0,
        0.0,
        0.0,
        0.0,
        0.0,
        0.0,
        0.0,
        0.0,
        0.0,
        0.0,
        0.0,
        0.0,
        0.0,
        0.0,
        0.0,
        0.0,
        0.0,
        0.0,
        0.0,
        0.0,
        0.0,
        0.0,
        0.0,
        0.0,
        0.0,
        0.0,
        0.0,
        0.0,
        0.0,
        0.0,
        0.0,
        0.0
      ],
      "action_sequence": [
        0,
        3,
        1,
        0,
        1,
        3,
        1,
        1,
        1,
        3,
        0,
        1,
        3,
        3,
        3,
        0,
        2,
        3,
        2,
        3,
        2,
        2,
        1,
        0,
        1,
        2,
        2,
        1,
        2,
        1,
        1,
        0,
        0,
        3,
        0,
        1,
        0,
        2,
        1,
        1,
        3,
        1,
        0,
        3,
        3,
        0,
        3,
        3,
        2,
        2
      ],
      "inference_times": [
        0.0,
        0.0,
        0.0,
        0.0,
        0.0,
        0.0,
        0.0,
        0.0,
        0.0,
        0.0,
        0.0,
        0.0,
        0.0,
        0.0,
        0.0,
        0.0,
        0.0,
        0.0,
        0.0,
        0.0,
        0.0,
        0.0,
        0.0,
        0.0,
        0.0,
        0.0005295276641845703,
        0.0,
        0.0,
        0.0,
        0.0,
        0.0,
        0.0,
        0.0,
        0.0,
        0.0,
        0.0,
        0.0,
        0.0,
        0.0,
        0.0,
        0.0,
        0.0,
        0.0,
        0.0,
        0.0,
        0.0,
        0.0,
        0.0,
        0.0,
        0.0
      ],
      "mean_entropy": 1.0,
      "std_entropy": 0.0,
      "mean_value": 0.0,
      "std_value": 0.0,
      "mean_inference_time": 1.0590553283691407e-05
    },
    "difficulty_breakdown": {
      "total_difficulty": 0.3399679229348812,
      "structural_difficulty": 0.25488088481701515,
      "cognitive_difficulty": 0.20015885829925537,
      "solution_difficulty": 0.41152,
      "success_difficulty": 0.8,
      "metrics": {
        "total_steps": 50,
        "total_reward": -9.599999999999993,
        "box_pushes": 0,
        "solved": false,
        "mean_entropy": 1.0,
        "std_entropy": 0.0,
        "mean_value": 0.0,
        "std_value": 0.0,
        "mean_inference_time": 1.0590553283691407e-05,
        "level_size": [
          10,
          11
        ],
        "num_boxes": 5,
        "num_targets": 5,
        "wall_ratio": 0.0,
        "box_density": 0.0,
        "level_complexity": 0.0
      }
    },
    "generation_time": 1753659333.972894
  }
}