{
  "id": "stage_018_level_01",
  "level": [
    [
      1,
      1,
      1,
      1,
      1,
      1
    ],
    [
      1,
      0,
      0,
      4,
      0,
      1
    ],
    [
      1,
      0,
      2,
      0,
      3,
      1
    ],
    [
      1,
      0,
      0,
      0,
      0,
      1
    ],
    [
      1,
      0,
      0,
      0,
      0,
      1
    ],
    [
      1,
      1,
      1,
      1,
      1,
      1
    ]
  ],
  "shape": [
    6,
    6
  ],
  "created_at": "2025-07-28T08:34:38.429882",
  "metadata": {
    "curriculum_stage": 18,
    "target_difficulty": 0.19793715118897046,
    "measured_difficulty": 0.29268800000000006,
    "generation_parameters": {
      "num_boxes": 1,
      "complexity": 0.19793715118897046,
      "min_size": [
        5,
        5
      ],
      "max_size": [
        7,
        7
      ],
      "target_difficulty": 0.19793715118897046
    },
    "level_stats": {
      "size": [
        6,
        6
      ],
      "total_cells": 36,
      "num_walls": 20,
      "num_boxes": 1,
      "num_targets": 1,
      "num_empty": 13,
      "wall_ratio": 0.5555555555555556,
      "box_density": 0.07142857142857142
    },
    "play_data": {
      "total_steps": 50,
      "total_reward": -15.799999999999994,
      "box_pushes": 0,
      "solved": false,
      "policy_entropy": [
        1.0,
        1.0,
        1.0,
        1.0,
        1.0,
        1.0,
        1.0,
        1.0,
        1.0,
        1.0,
        1.0,
        1.0,
        1.0,
        1.0,
        1.0,
        1.0,
        1.0,
        1.0,
        1.0,
        1.0,
        1.0,
        1.0,
        1.0,
        1.0,
        1.0,
        1.0,
        1.0,
        1.0,
        1.0,
        1.0,
        1.0,
        1.0,
        1.0,
        1.0,
        1.0,
        1.0,
        1.0,
        1.0,
        1.0,
        1.0,
        1.0,
        1.0,
        1.0,
        1.0,
        1.0,
        1.0,
        1.0,
        1.0,
        1.0,
        1.0
      ],
      "value_estimates": [
        0.0,
        0.0,
        0.0,
        0.0,
        0.0,
        0.0,
        0.0,
        0.0,
        0.0,
        0.0,
        0.0,
        0.0,
        0.0,
        0.0,
        0.0,
        0.0,
        0.0,
        0.0,
        0.0,
        0.0,
        0.0,
        0.0,
        0.0,
        0.0,
        0.0,
        0.0,
        0.0,
        0.0,
        0.0,
        0.0,
        0.0,
        0.0,
        0.0,
        0.0,
        0.0,
        0.0,
        0.0,
        0.0,
        0.0,
        0.0,
        0.0,
        0.0,
        0.0,
        0.0,
        0.0,
        0.0,
        0.0,
        0.0,
        0.0,
        0.0
      ],
      "action_sequence": [
        2,
        3,
        3,
        3,
        0,
        2,
        1,
        1,
        0,
        2,
        0,
        0,
        0,
        3,
        0,
        1,
        0,
        3,
        1,
        3,
        3,
        2,
        0,
        0,
        2,
        1,
        3,
        0,
        1,
        3,
        3,
        1,
        0,
        2,
        2,
        2,
        1,
        0,
        2,
        0,
        0,
        1,
        3,
        3,
        1,
        1,
        1,
        1,
        0,
        1
      ],
      "inference_times": [
        0.0,
        0.0,
        0.0,
        0.0,
        0.0,
        0.0,
        0.0,
        0.0,
        0.0,
        0.0,
        0.0,
        0.0,
        0.0,
        0.0,
        0.0,
        0.0,
        0.0,
        0.0,
        0.0,
        0.0,
        0.0,
        0.0,
        0.0,
        0.0,
        0.0,
        0.0,
        0.0,
        0.0,
        0.0,
        0.0,
        0.0,
        0.0,
        0.0,
        0.0,
        0.0,
        0.0,
        0.0,
        0.0,
        0.0,
        0.0,
        0.0,
        0.0,
        0.0,
        0.0,
        0.0,
        0.0,
        0.0,
        0.0,
        0.0,
        0.0
      ],
      "mean_entropy": 1.0,
      "std_entropy": 0.0,
      "mean_value": 0.0,
      "std_value": 0.0,
      "mean_inference_time": 0.0
    },
    "difficulty_breakdown": {
      "total_difficulty": 0.29268800000000006,
      "structural_difficulty": 0.09,
      "cognitive_difficulty": 0.19999999999999998,
      "solution_difficulty": 0.41896,
      "success_difficulty": 0.8,
      "metrics": {
        "total_steps": 50,
        "total_reward": -15.799999999999994,
        "box_pushes": 0,
        "solved": false,
        "mean_entropy": 1.0,
        "std_entropy": 0.0,
        "mean_value": 0.0,
        "std_value": 0.0,
        "mean_inference_time": 0.0,
        "level_size": [
          6,
          6
        ],
        "num_boxes": 1,
        "num_targets": 1,
        "wall_ratio": 0.0,
        "box_density": 0.0,
        "level_complexity": 0.0
      }
    },
    "generation_time": 1753659278.4298828
  }
}