{
  "id": "stage_023_level_01",
  "level": [
    [
      1,
      1,
      1,
      1,
      1,
      1,
      1,
      1
    ],
    [
      1,
      0,
      3,
      0,
      0,
      0,
      0,
      1
    ],
    [
      1,
      0,
      2,
      0,
      0,
      0,
      0,
      1
    ],
    [
      1,
      0,
      4,
      0,
      0,
      0,
      0,
      1
    ],
    [
      1,
      5,
      0,
      0,
      0,
      0,
      0,
      1
    ],
    [
      1,
      1,
      1,
      1,
      1,
      1,
      1,
      1
    ]
  ],
  "shape": [
    6,
    8
  ],
  "created_at": "2025-07-28T08:34:38.501377",
  "metadata": {
    "curriculum_stage": 23,
    "target_difficulty": 0.22709528390473213,
    "measured_difficulty": 0.30310460969082653,
    "generation_parameters": {
      "num_boxes": 2,
      "complexity": 0.22709528390473213,
      "min_size": [
        6,
        6
      ],
      "max_size": [
        8,
        8
      ],
      "target_difficulty": 0.22709528390473213
    },
    "level_stats": {
      "size": [
        6,
        8
      ],
      "total_cells": 48,
      "num_walls": 24,
      "num_boxes": 2,
      "num_targets": 2,
      "num_empty": 20,
      "wall_ratio": 0.5,
      "box_density": 0.09090909090909091
    },
    "play_data": {
      "total_steps": 50,
      "total_reward": -11.999999999999995,
      "box_pushes": 0,
      "solved": false,
      "policy_entropy": [
        1.0,
        1.0,
        1.0,
        1.0,
        1.0,
        1.0,
        1.0,
        1.0,
        1.0,
        1.0,
        1.0,
        1.0,
        1.0,
        1.0,
        1.0,
        1.0,
        1.0,
        1.0,
        1.0,
        1.0,
        1.0,
        1.0,
        1.0,
        1.0,
        1.0,
        1.0,
        1.0,
        1.0,
        1.0,
        1.0,
        1.0,
        1.0,
        1.0,
        1.0,
        1.0,
        1.0,
        1.0,
        1.0,
        1.0,
        1.0,
        1.0,
        1.0,
        1.0,
        1.0,
        1.0,
        1.0,
        1.0,
        1.0,
        1.0,
        1.0
      ],
      "value_estimates": [
        0.0,
        0.0,
        0.0,
        0.0,
        0.0,
        0.0,
        0.0,
        0.0,
        0.0,
        0.0,
        0.0,
        0.0,
        0.0,
        0.0,
        0.0,
        0.0,
        0.0,
        0.0,
        0.0,
        0.0,
        0.0,
        0.0,
        0.0,
        0.0,
        0.0,
        0.0,
        0.0,
        0.0,
        0.0,
        0.0,
        0.0,
        0.0,
        0.0,
        0.0,
        0.0,
        0.0,
        0.0,
        0.0,
        0.0,
        0.0,
        0.0,
        0.0,
        0.0,
        0.0,
        0.0,
        0.0,
        0.0,
        0.0,
        0.0,
        0.0
      ],
      "action_sequence": [
        2,
        3,
        2,
        1,
        2,
        0,
        3,
        1,
        0,
        0,
        0,
        3,
        2,
        3,
        2,
        2,
        2,
        0,
        3,
        3,
        0,
        2,
        1,
        0,
        2,
        0,
        2,
        0,
        3,
        2,
        0,
        2,
        2,
        3,
        3,
        1,
        2,
        3,
        0,
        3,
        3,
        2,
        1,
        0,
        2,
        2,
        3,
        3,
        2,
        3
      ],
      "inference_times": [
        0.0,
        0.0,
        0.0,
        0.0,
        0.0,
        0.0,
        0.0,
        0.0,
        0.0,
        0.0,
        0.0,
        0.0,
        0.0,
        0.0,
        0.0,
        0.0,
        0.0,
        0.0,
        0.0,
        0.0,
        0.0,
        0.0,
        0.0,
        0.0,
        0.0,
        0.0,
        0.0,
        0.0,
        0.0,
        0.0,
        0.0,
        0.0,
        0.0,
        0.0,
        0.0,
        0.0,
        0.0,
        0.0,
        0.0,
        0.0,
        0.0,
        0.0,
        0.0,
        0.0,
        0.0,
        0.0,
        0.0,
        0.0,
        0.0,
        0.0
      ],
      "mean_entropy": 1.0,
      "std_entropy": 0.0,
      "mean_value": 0.0,
      "std_value": 0.0,
      "mean_inference_time": 0.0
    },
    "difficulty_breakdown": {
      "total_difficulty": 0.30310460969082653,
      "structural_difficulty": 0.1292820323027551,
      "cognitive_difficulty": 0.19999999999999998,
      "solution_difficulty": 0.4144,
      "success_difficulty": 0.8,
      "metrics": {
        "total_steps": 50,
        "total_reward": -11.999999999999995,
        "box_pushes": 0,
        "solved": false,
        "mean_entropy": 1.0,
        "std_entropy": 0.0,
        "mean_value": 0.0,
        "std_value": 0.0,
        "mean_inference_time": 0.0,
        "level_size": [
          6,
          8
        ],
        "num_boxes": 2,
        "num_targets": 2,
        "wall_ratio": 0.0,
        "box_density": 0.0,
        "level_complexity": 0.0
      }
    },
    "generation_time": 1753659278.5013778
  }
}