{
  "id": "stage_021_level_01",
  "level": [
    [
      1,
      1,
      1,
      1,
      1,
      1,
      1
    ],
    [
      1,
      0,
      0,
      0,
      0,
      0,
      1
    ],
    [
      1,
      0,
      0,
      4,
      0,
      3,
      1
    ],
    [
      1,
      0,
      0,
      0,
      2,
      0,
      1
    ],
    [
      1,
      0,
      5,
      0,
      0,
      0,
      1
    ],
    [
      1,
      1,
      1,
      1,
      1,
      1,
      1
    ]
  ],
  "shape": [
    6,
    7
  ],
  "created_at": "2025-07-28T08:34:38.474903",
  "metadata": {
    "curriculum_stage": 21,
    "target_difficulty": 0.21466638978515862,
    "measured_difficulty": 0.30436881928608056,
    "generation_parameters": {
      "num_boxes": 2,
      "complexity": 0.21466638978515862,
      "min_size": [
        6,
        6
      ],
      "max_size": [
        8,
        8
      ],
      "target_difficulty": 0.21466638978515862
    },
    "level_stats": {
      "size": [
        6,
        7
      ],
      "total_cells": 42,
      "num_walls": 22,
      "num_boxes": 2,
      "num_targets": 2,
      "num_empty": 16,
      "wall_ratio": 0.5238095238095238,
      "box_density": 0.1111111111111111
    },
    "play_data": {
      "total_steps": 50,
      "total_reward": -19.1,
      "box_pushes": 0,
      "solved": false,
      "policy_entropy": [
        1.0,
        1.0,
        1.0,
        1.0,
        1.0,
        1.0,
        1.0,
        1.0,
        1.0,
        1.0,
        1.0,
        1.0,
        1.0,
        1.0,
        1.0,
        1.0,
        1.0,
        1.0,
        1.0,
        1.0,
        1.0,
        1.0,
        1.0,
        1.0,
        1.0,
        1.0,
        1.0,
        1.0,
        1.0,
        1.0,
        1.0,
        1.0,
        1.0,
        1.0,
        1.0,
        1.0,
        1.0,
        1.0,
        1.0,
        1.0,
        1.0,
        1.0,
        1.0,
        1.0,
        1.0,
        1.0,
        1.0,
        1.0,
        1.0,
        1.0
      ],
      "value_estimates": [
        0.0,
        0.0,
        0.0,
        0.0,
        0.0,
        0.0,
        0.0,
        0.0,
        0.0,
        0.0,
        0.0,
        0.0,
        0.0,
        0.0,
        0.0,
        0.0,
        0.0,
        0.0,
        0.0,
        0.0,
        0.0,
        0.0,
        0.0,
        0.0,
        0.0,
        0.0,
        0.0,
        0.0,
        0.0,
        0.0,
        0.0,
        0.0,
        0.0,
        0.0,
        0.0,
        0.0,
        0.0,
        0.0,
        0.0,
        0.0,
        0.0,
        0.0,
        0.0,
        0.0,
        0.0,
        0.0,
        0.0,
        0.0,
        0.0,
        0.0
      ],
      "action_sequence": [
        2,
        0,
        0,
        0,
        3,
        2,
        2,
        0,
        3,
        3,
        2,
        2,
        2,
        2,
        0,
        3,
        1,
        1,
        3,
        2,
        2,
        1,
        2,
        1,
        1,
        3,
        2,
        1,
        1,
        2,
        1,
        0,
        1,
        1,
        0,
        0,
        3,
        2,
        0,
        3,
        2,
        0,
        2,
        1,
        3,
        1,
        2,
        2,
        3,
        1
      ],
      "inference_times": [
        0.0,
        0.0,
        0.0,
        0.0,
        0.0,
        0.0,
        0.0,
        0.0,
        0.0005621910095214844,
        0.0,
        0.0,
        0.0,
        0.0,
        0.0,
        0.0,
        0.0,
        0.0,
        0.0,
        0.0,
        0.0,
        0.0,
        0.0,
        0.0,
        0.0,
        0.0,
        0.0,
        0.0,
        0.0,
        0.0,
        0.0,
        0.0,
        0.0,
        0.0,
        0.0,
        0.0,
        0.0,
        0.0,
        0.0,
        0.0,
        0.0,
        0.0,
        0.0,
        0.0,
        0.0,
        0.0,
        0.0,
        0.0,
        0.0,
        0.0,
        0.0
      ],
      "mean_entropy": 1.0,
      "std_entropy": 0.0,
      "mean_value": 0.0,
      "std_value": 0.0,
      "mean_inference_time": 1.1243820190429687e-05
    },
    "difficulty_breakdown": {
      "total_difficulty": 0.30436881928608056,
      "structural_difficulty": 0.1248074069840786,
      "cognitive_difficulty": 0.20016865730285643,
      "solution_difficulty": 0.42291999999999996,
      "success_difficulty": 0.8,
      "metrics": {
        "total_steps": 50,
        "total_reward": -19.1,
        "box_pushes": 0,
        "solved": false,
        "mean_entropy": 1.0,
        "std_entropy": 0.0,
        "mean_value": 0.0,
        "std_value": 0.0,
        "mean_inference_time": 1.1243820190429687e-05,
        "level_size": [
          6,
          7
        ],
        "num_boxes": 2,
        "num_targets": 2,
        "wall_ratio": 0.0,
        "box_density": 0.0,
        "level_complexity": 0.0
      }
    },
    "generation_time": 1753659278.4743574
  }
}