{
  "id": "stage_006_level_01",
  "level": [
    [
      1,
      1,
      1,
      1,
      1,
      1
    ],
    [
      1,
      0,
      3,
      0,
      0,
      1
    ],
    [
      1,
      0,
      0,
      2,
      4,
      1
    ],
    [
      1,
      0,
      0,
      0,
      0,
      1
    ],
    [
      1,
      1,
      1,
      1,
      1,
      1
    ]
  ],
  "shape": [
    5,
    6
  ],
  "created_at": "2025-07-28T08:33:57.338643",
  "metadata": {
    "curriculum_stage": 6,
    "target_difficulty": 0.1505219234301234,
    "measured_difficulty": 0.28834767672515504,
    "generation_parameters": {
      "num_boxes": 1,
      "complexity": 0.1505219234301234,
      "min_size": [
        5,
        5
      ],
      "max_size": [
        7,
        7
      ],
      "target_difficulty": 0.1505219234301234
    },
    "level_stats": {
      "size": [
        5,
        6
      ],
      "total_cells": 30,
      "num_walls": 18,
      "num_boxes": 1,
      "num_targets": 1,
      "num_empty": 9,
      "wall_ratio": 0.6,
      "box_density": 0.1
    },
    "play_data": {
      "total_steps": 50,
      "total_reward": -8.099999999999994,
      "box_pushes": 0,
      "solved": false,
      "policy_entropy": [
        1.0,
        1.0,
        1.0,
        1.0,
        1.0,
        1.0,
        1.0,
        1.0,
        1.0,
        1.0,
        1.0,
        1.0,
        1.0,
        1.0,
        1.0,
        1.0,
        1.0,
        1.0,
        1.0,
        1.0,
        1.0,
        1.0,
        1.0,
        1.0,
        1.0,
        1.0,
        1.0,
        1.0,
        1.0,
        1.0,
        1.0,
        1.0,
        1.0,
        1.0,
        1.0,
        1.0,
        1.0,
        1.0,
        1.0,
        1.0,
        1.0,
        1.0,
        1.0,
        1.0,
        1.0,
        1.0,
        1.0,
        1.0,
        1.0,
        1.0
      ],
      "value_estimates": [
        0.0,
        0.0,
        0.0,
        0.0,
        0.0,
        0.0,
        0.0,
        0.0,
        0.0,
        0.0,
        0.0,
        0.0,
        0.0,
        0.0,
        0.0,
        0.0,
        0.0,
        0.0,
        0.0,
        0.0,
        0.0,
        0.0,
        0.0,
        0.0,
        0.0,
        0.0,
        0.0,
        0.0,
        0.0,
        0.0,
        0.0,
        0.0,
        0.0,
        0.0,
        0.0,
        0.0,
        0.0,
        0.0,
        0.0,
        0.0,
        0.0,
        0.0,
        0.0,
        0.0,
        0.0,
        0.0,
        0.0,
        0.0,
        0.0,
        0.0
      ],
      "action_sequence": [
        0,
        1,
        2,
        2,
        1,
        1,
        1,
        3,
        2,
        2,
        1,
        2,
        3,
        3,
        0,
        1,
        0,
        0,
        1,
        2,
        3,
        1,
        0,
        3,
        1,
        2,
        0,
        3,
        3,
        1,
        2,
        2,
        0,
        0,
        2,
        2,
        1,
        3,
        1,
        0,
        3,
        2,
        2,
        1,
        3,
        1,
        0,
        1,
        0,
        1
      ],
      "inference_times": [
        0.0,
        0.0,
        0.0,
        0.0,
        0.0,
        0.0,
        0.0,
        0.0,
        0.0,
        0.0,
        0.0,
        0.0,
        0.0,
        0.0,
        0.0,
        0.0,
        0.0,
        0.0,
        0.0,
        0.0,
        0.0,
        0.0,
        0.0,
        0.0,
        0.0,
        0.0,
        0.0,
        0.0,
        0.0,
        0.0,
        0.0,
        0.0,
        0.0,
        0.0,
        0.0,
        0.0,
        0.0,
        0.0,
        0.0,
        0.0,
        0.0,
        0.0,
        0.0,
        0.0,
        0.0,
        0.0,
        0.0,
        0.0,
        0.0,
        0.0
      ],
      "mean_entropy": 1.0,
      "std_entropy": 0.0,
      "mean_value": 0.0,
      "std_value": 0.0,
      "mean_inference_time": 0.0
    },
    "difficulty_breakdown": {
      "total_difficulty": 0.28834767672515504,
      "structural_difficulty": 0.08477225575051661,
      "cognitive_difficulty": 0.19999999999999998,
      "solution_difficulty": 0.40972,
      "success_difficulty": 0.8,
      "metrics": {
        "total_steps": 50,
        "total_reward": -8.099999999999994,
        "box_pushes": 0,
        "solved": false,
        "mean_entropy": 1.0,
        "std_entropy": 0.0,
        "mean_value": 0.0,
        "std_value": 0.0,
        "mean_inference_time": 0.0,
        "level_size": [
          5,
          6
        ],
        "num_boxes": 1,
        "num_targets": 1,
        "wall_ratio": 0.0,
        "box_density": 0.0,
        "level_complexity": 0.0
      }
    },
    "generation_time": 1753659237.3386433
  }
}