{
  "id": "stage_098_level_02",
  "level": [
    [
      1,
      1,
      1,
      1,
      1,
      1,
      1,
      1,
      1,
      1,
      1
    ],
    [
      1,
      0,
      0,
      5,
      0,
      5,
      0,
      1,
      0,
      1,
      1
    ],
    [
      1,
      0,
      0,
      0,
      0,
      0,
      0,
      0,
      0,
      5,
      1
    ],
    [
      1,
      0,
      0,
      0,
      0,
      0,
      0,
      0,
      0,
      5,
      1
    ],
    [
      1,
      1,
      0,
      0,
      0,
      0,
      0,
      0,
      0,
      0,
      1
    ],
    [
      1,
      0,
      0,
      1,
      0,
      0,
      4,
      0,
      0,
      0,
      1
    ],
    [
      1,
      0,
      0,
      5,
      0,
      0,
      0,
      0,
      0,
      0,
      1
    ],
    [
      1,
      0,
      0,
      1,
      0,
      0,
      0,
      1,
      0,
      0,
      1
    ],
    [
      1,
      0,
      1,
      0,
      0,
      1,
      0,
      0,
      0,
      1,
      1
    ],
    [
      1,
      0,
      0,
      0,
      0,
      0,
      0,
      0,
      0,
      0,
      1
    ],
    [
      1,
      1,
      1,
      1,
      1,
      1,
      1,
      1,
      1,
      1,
      1
    ]
  ],
  "shape": [
    11,
    11
  ],
  "created_at": "2025-07-28T08:35:33.928273",
  "metadata": {
    "curriculum_stage": 98,
    "target_difficulty": 0.8574302633808711,
    "measured_difficulty": 0.1746,
    "generation_parameters": {
      "num_boxes": 5,
      "complexity": 0.8574302633808711,
      "min_size": [
        9,
        9
      ],
      "max_size": [
        11,
        11
      ],
      "target_difficulty": 0.8574302633808711
    },
    "level_stats": {
      "size": [
        11,
        11
      ],
      "total_cells": 121,
      "num_walls": 49,
      "num_boxes": 5,
      "num_targets": 5,
      "num_empty": 66,
      "wall_ratio": 0.4049586776859504,
      "box_density": 0.07042253521126761
    },
    "play_data": {
      "total_steps": 1,
      "total_reward": 99.9,
      "box_pushes": 1,
      "solved": true,
      "policy_entropy": [
        1.0
      ],
      "value_estimates": [
        0.0
      ],
      "action_sequence": [
        1
      ],
      "inference_times": [
        0.0
      ],
      "mean_entropy": 1.0,
      "std_entropy": 0.0,
      "mean_value": 0.0,
      "std_value": 0.0,
      "mean_inference_time": 0.0
    },
    "difficulty_breakdown": {
      "total_difficulty": 0.1746,
      "structural_difficulty": 0.26,
      "cognitive_difficulty": 0.19999999999999998,
      "solution_difficulty": 0.022,
      "success_difficulty": 0.3,
      "metrics": {
        "total_steps": 1,
        "total_reward": 99.9,
        "box_pushes": 1,
        "solved": true,
        "mean_entropy": 1.0,
        "std_entropy": 0.0,
        "mean_value": 0.0,
        "std_value": 0.0,
        "mean_inference_time": 0.0,
        "level_size": [
          11,
          11
        ],
        "num_boxes": 5,
        "num_targets": 5,
        "wall_ratio": 0.0,
        "box_density": 0.0,
        "level_complexity": 0.0
      }
    },
    "generation_time": 1753659333.9282734
  }
}