{
  "id": "stage_004_level_02",
  "level": [
    [
      1,
      1,
      1,
      1,
      1,
      1,
      1
    ],
    [
      1,
      0,
      0,
      0,
      4,
      0,
      1
    ],
    [
      1,
      0,
      0,
      2,
      0,
      0,
      1
    ],
    [
      1,
      3,
      0,
      0,
      0,
      0,
      1
    ],
    [
      1,
      0,
      0,
      0,
      0,
      0,
      1
    ],
    [
      1,
      0,
      0,
      0,
      0,
      0,
      1
    ],
    [
      1,
      1,
      1,
      1,
      1,
      1,
      1
    ]
  ],
  "shape": [
    7,
    7
  ],
  "created_at": "2025-07-28T08:33:57.325242",
  "metadata": {
    "curriculum_stage": 4,
    "target_difficulty": 0.14507962888543097,
    "measured_difficulty": 0.293708,
    "generation_parameters": {
      "num_boxes": 1,
      "complexity": 0.14507962888543097,
      "min_size": [
        5,
        5
      ],
      "max_size": [
        7,
        7
      ],
      "target_difficulty": 0.14507962888543097
    },
    "level_stats": {
      "size": [
        7,
        7
      ],
      "total_cells": 49,
      "num_walls": 24,
      "num_boxes": 1,
      "num_targets": 1,
      "num_empty": 22,
      "wall_ratio": 0.4897959183673469,
      "box_density": 0.043478260869565216
    },
    "play_data": {
      "total_steps": 50,
      "total_reward": -10.299999999999999,
      "box_pushes": 0,
      "solved": false,
      "policy_entropy": [
        1.0,
        1.0,
        1.0,
        1.0,
        1.0,
        1.0,
        1.0,
        1.0,
        1.0,
        1.0,
        1.0,
        1.0,
        1.0,
        1.0,
        1.0,
        1.0,
        1.0,
        1.0,
        1.0,
        1.0,
        1.0,
        1.0,
        1.0,
        1.0,
        1.0,
        1.0,
        1.0,
        1.0,
        1.0,
        1.0,
        1.0,
        1.0,
        1.0,
        1.0,
        1.0,
        1.0,
        1.0,
        1.0,
        1.0,
        1.0,
        1.0,
        1.0,
        1.0,
        1.0,
        1.0,
        1.0,
        1.0,
        1.0,
        1.0,
        1.0
      ],
      "value_estimates": [
        0.0,
        0.0,
        0.0,
        0.0,
        0.0,
        0.0,
        0.0,
        0.0,
        0.0,
        0.0,
        0.0,
        0.0,
        0.0,
        0.0,
        0.0,
        0.0,
        0.0,
        0.0,
        0.0,
        0.0,
        0.0,
        0.0,
        0.0,
        0.0,
        0.0,
        0.0,
        0.0,
        0.0,
        0.0,
        0.0,
        0.0,
        0.0,
        0.0,
        0.0,
        0.0,
        0.0,
        0.0,
        0.0,
        0.0,
        0.0,
        0.0,
        0.0,
        0.0,
        0.0,
        0.0,
        0.0,
        0.0,
        0.0,
        0.0,
        0.0
      ],
      "action_sequence": [
        0,
        0,
        1,
        2,
        1,
        0,
        0,
        1,
        0,
        1,
        0,
        2,
        1,
        1,
        2,
        0,
        1,
        2,
        0,
        0,
        0,
        1,
        2,
        2,
        1,
        0,
        1,
        2,
        0,
        1,
        0,
        2,
        2,
        3,
        0,
        1,
        2,
        1,
        0,
        3,
        2,
        2,
        1,
        2,
        0,
        3,
        2,
        1,
        3,
        0
      ],
      "inference_times": [
        0.0,
        0.0,
        0.0,
        0.0,
        0.0,
        0.0,
        0.0,
        0.0,
        0.0,
        0.0,
        0.0,
        0.0,
        0.0,
        0.0,
        0.0,
        0.0,
        0.0,
        0.0,
        0.0,
        0.0,
        0.0,
        0.0,
        0.0,
        0.0,
        0.0,
        0.0,
        0.0,
        0.0,
        0.0,
        0.0,
        0.0,
        0.0,
        0.0,
        0.0,
        0.0,
        0.0,
        0.0,
        0.0,
        0.0,
        0.0,
        0.0,
        0.0,
        0.0,
        0.0,
        0.0,
        0.0,
        0.0,
        0.0,
        0.0,
        0.0
      ],
      "mean_entropy": 1.0,
      "std_entropy": 0.0,
      "mean_value": 0.0,
      "std_value": 0.0,
      "mean_inference_time": 0.0
    },
    "difficulty_breakdown": {
      "total_difficulty": 0.293708,
      "structural_difficulty": 0.09999999999999999,
      "cognitive_difficulty": 0.19999999999999998,
      "solution_difficulty": 0.41235999999999995,
      "success_difficulty": 0.8,
      "metrics": {
        "total_steps": 50,
        "total_reward": -10.299999999999999,
        "box_pushes": 0,
        "solved": false,
        "mean_entropy": 1.0,
        "std_entropy": 0.0,
        "mean_value": 0.0,
        "std_value": 0.0,
        "mean_inference_time": 0.0,
        "level_size": [
          7,
          7
        ],
        "num_boxes": 1,
        "num_targets": 1,
        "wall_ratio": 0.0,
        "box_density": 0.0,
        "level_complexity": 0.0
      }
    },
    "generation_time": 1753659237.3252423
  }
}