{
  "id": "stage_020_level_03",
  "level": [
    [
      1,
      1,
      1,
      1,
      1
    ],
    [
      1,
      3,
      2,
      0,
      1
    ],
    [
      1,
      3,
      2,
      4,
      1
    ],
    [
      1,
      0,
      0,
      0,
      1
    ],
    [
      1,
      1,
      1,
      1,
      1
    ]
  ],
  "shape": [
    5,
    5
  ],
  "created_at": "2025-07-28T08:34:38.470478",
  "metadata": {
    "curriculum_stage": 20,
    "target_difficulty": 0.20884071305326932,
    "measured_difficulty": 0.31229739556121827,
    "generation_parameters": {
      "num_boxes": 2,
      "complexity": 0.20884071305326932,
      "min_size": [
        5,
        5
      ],
      "max_size": [
        7,
        7
      ],
      "target_difficulty": 0.20884071305326932
    },
    "level_stats": {
      "size": [
        5,
        5
      ],
      "total_cells": 25,
      "num_walls": 16,
      "num_boxes": 2,
      "num_targets": 2,
      "num_empty": 4,
      "wall_ratio": 0.64,
      "box_density": 0.3333333333333333
    },
    "play_data": {
      "total_steps": 50,
      "total_reward": -11.799999999999995,
      "box_pushes": 1,
      "solved": false,
      "policy_entropy": [
        1.0,
        1.0,
        1.0,
        1.0,
        1.0,
        1.0,
        1.0,
        1.0,
        1.0,
        1.0,
        1.0,
        1.0,
        1.0,
        1.0,
        1.0,
        1.0,
        1.0,
        1.0,
        1.0,
        1.0,
        1.0,
        1.0,
        1.0,
        1.0,
        1.0,
        1.0,
        1.0,
        1.0,
        1.0,
        1.0,
        1.0,
        1.0,
        1.0,
        1.0,
        1.0,
        1.0,
        1.0,
        1.0,
        1.0,
        1.0,
        1.0,
        1.0,
        1.0,
        1.0,
        1.0,
        1.0,
        1.0,
        1.0,
        1.0,
        1.0
      ],
      "value_estimates": [
        0.0,
        0.0,
        0.0,
        0.0,
        0.0,
        0.0,
        0.0,
        0.0,
        0.0,
        0.0,
        0.0,
        0.0,
        0.0,
        0.0,
        0.0,
        0.0,
        0.0,
        0.0,
        0.0,
        0.0,
        0.0,
        0.0,
        0.0,
        0.0,
        0.0,
        0.0,
        0.0,
        0.0,
        0.0,
        0.0,
        0.0,
        0.0,
        0.0,
        0.0,
        0.0,
        0.0,
        0.0,
        0.0,
        0.0,
        0.0,
        0.0,
        0.0,
        0.0,
        0.0,
        0.0,
        0.0,
        0.0,
        0.0,
        0.0,
        0.0
      ],
      "action_sequence": [
        0,
        2,
        0,
        1,
        0,
        1,
        1,
        1,
        1,
        0,
        1,
        2,
        3,
        2,
        2,
        3,
        1,
        2,
        2,
        2,
        1,
        1,
        1,
        2,
        1,
        3,
        3,
        3,
        0,
        3,
        1,
        3,
        1,
        2,
        2,
        0,
        1,
        0,
        0,
        3,
        3,
        1,
        2,
        3,
        3,
        0,
        2,
        1,
        3,
        1
      ],
      "inference_times": [
        0.0,
        0.0,
        0.0,
        0.0,
        0.0,
        0.0,
        0.0,
        0.0,
        0.0,
        0.0,
        0.0,
        0.0005488395690917969,
        0.0,
        0.0,
        0.0,
        0.0,
        0.0,
        0.0,
        0.0,
        0.0,
        0.0,
        0.0,
        0.0,
        0.0,
        0.0,
        0.0,
        0.0,
        0.0,
        0.0,
        0.0,
        0.0,
        0.0,
        0.0,
        0.0,
        0.0,
        0.0,
        0.0,
        0.0,
        0.0,
        0.0,
        0.0,
        0.0,
        0.0,
        0.0,
        0.0,
        0.0,
        0.0,
        0.0,
        0.0,
        0.0
      ],
      "mean_entropy": 1.0,
      "std_entropy": 0.0,
      "mean_value": 0.0,
      "std_value": 0.0,
      "mean_inference_time": 1.0976791381835937e-05
    },
    "difficulty_breakdown": {
      "total_difficulty": 0.31229739556121827,
      "structural_difficulty": 0.11,
      "cognitive_difficulty": 0.20016465187072752,
      "solution_difficulty": 0.4641599999999999,
      "success_difficulty": 0.8,
      "metrics": {
        "total_steps": 50,
        "total_reward": -11.799999999999995,
        "box_pushes": 1,
        "solved": false,
        "mean_entropy": 1.0,
        "std_entropy": 0.0,
        "mean_value": 0.0,
        "std_value": 0.0,
        "mean_inference_time": 1.0976791381835937e-05,
        "level_size": [
          5,
          5
        ],
        "num_boxes": 2,
        "num_targets": 2,
        "wall_ratio": 0.0,
        "box_density": 0.0,
        "level_complexity": 0.0
      }
    },
    "generation_time": 1753659278.470478
  }
}