{
  "id": "stage_017_level_03",
  "level": [
    [
      1,
      1,
      1,
      1,
      1,
      1
    ],
    [
      1,
      0,
      0,
      2,
      3,
      1
    ],
    [
      1,
      0,
      0,
      4,
      0,
      1
    ],
    [
      1,
      0,
      0,
      0,
      0,
      1
    ],
    [
      1,
      0,
      0,
      0,
      0,
      1
    ],
    [
      1,
      0,
      0,
      0,
      0,
      1
    ],
    [
      1,
      1,
      1,
      1,
      1,
      1
    ]
  ],
  "shape": [
    7,
    6
  ],
  "created_at": "2025-07-28T08:34:38.422318",
  "metadata": {
    "curriculum_stage": 17,
    "target_difficulty": 0.19284626484373601,
    "measured_difficulty": 0.22653160694147742,
    "generation_parameters": {
      "num_boxes": 1,
      "complexity": 0.19284626484373601,
      "min_size": [
        5,
        5
      ],
      "max_size": [
        7,
        7
      ],
      "target_difficulty": 0.19284626484373601
    },
    "level_stats": {
      "size": [
        7,
        6
      ],
      "total_cells": 42,
      "num_walls": 22,
      "num_boxes": 1,
      "num_targets": 1,
      "num_empty": 17,
      "wall_ratio": 0.5238095238095238,
      "box_density": 0.05555555555555555
    },
    "play_data": {
      "total_steps": 44,
      "total_reward": 93.9,
      "box_pushes": 1,
      "solved": true,
      "policy_entropy": [
        1.0,
        1.0,
        1.0,
        1.0,
        1.0,
        1.0,
        1.0,
        1.0,
        1.0,
        1.0,
        1.0,
        1.0,
        1.0,
        1.0,
        1.0,
        1.0,
        1.0,
        1.0,
        1.0,
        1.0,
        1.0,
        1.0,
        1.0,
        1.0,
        1.0,
        1.0,
        1.0,
        1.0,
        1.0,
        1.0,
        1.0,
        1.0,
        1.0,
        1.0,
        1.0,
        1.0,
        1.0,
        1.0,
        1.0,
        1.0,
        1.0,
        1.0,
        1.0,
        1.0
      ],
      "value_estimates": [
        0.0,
        0.0,
        0.0,
        0.0,
        0.0,
        0.0,
        0.0,
        0.0,
        0.0,
        0.0,
        0.0,
        0.0,
        0.0,
        0.0,
        0.0,
        0.0,
        0.0,
        0.0,
        0.0,
        0.0,
        0.0,
        0.0,
        0.0,
        0.0,
        0.0,
        0.0,
        0.0,
        0.0,
        0.0,
        0.0,
        0.0,
        0.0,
        0.0,
        0.0,
        0.0,
        0.0,
        0.0,
        0.0,
        0.0,
        0.0,
        0.0,
        0.0,
        0.0,
        0.0
      ],
      "action_sequence": [
        1,
        3,
        3,
        3,
        2,
        0,
        0,
        2,
        1,
        0,
        3,
        2,
        2,
        1,
        3,
        0,
        0,
        0,
        2,
        3,
        1,
        0,
        1,
        2,
        3,
        0,
        2,
        0,
        1,
        0,
        2,
        3,
        0,
        2,
        2,
        1,
        2,
        2,
        2,
        2,
        2,
        0,
        3,
        3
      ],
      "inference_times": [
        0.0,
        0.0,
        0.0,
        0.0,
        0.0,
        0.0,
        0.0,
        0.0,
        0.0,
        0.0,
        0.0,
        0.0,
        0.0,
        0.0,
        0.0,
        0.0,
        0.0,
        0.0,
        0.0010073184967041016,
        0.0,
        0.0,
        0.0,
        0.0,
        0.0,
        0.0,
        0.0,
        0.0,
        0.0,
        0.0,
        0.0,
        0.0,
        0.0,
        0.0,
        0.0,
        0.0,
        0.0,
        0.0,
        0.0,
        0.0,
        0.0,
        0.0,
        0.0,
        0.0,
        0.0
      ],
      "mean_entropy": 1.0,
      "std_entropy": 0.0,
      "mean_value": 0.0,
      "std_value": 0.0,
      "mean_inference_time": 2.289360219782049e-05
    },
    "difficulty_breakdown": {
      "total_difficulty": 0.22653160694147742,
      "structural_difficulty": 0.09480740698407861,
      "cognitive_difficulty": 0.2003434040329673,
      "solution_difficulty": 0.3599545454545454,
      "success_difficulty": 0.3,
      "metrics": {
        "total_steps": 44,
        "total_reward": 93.9,
        "box_pushes": 1,
        "solved": true,
        "mean_entropy": 1.0,
        "std_entropy": 0.0,
        "mean_value": 0.0,
        "std_value": 0.0,
        "mean_inference_time": 2.289360219782049e-05,
        "level_size": [
          7,
          6
        ],
        "num_boxes": 1,
        "num_targets": 1,
        "wall_ratio": 0.0,
        "box_density": 0.0,
        "level_complexity": 0.0
      }
    },
    "generation_time": 1753659278.422318
  }
}