{
  "id": "stage_011_level_01",
  "level": [
    [
      1,
      1,
      1,
      1,
      1
    ],
    [
      1,
      0,
      0,
      0,
      1
    ],
    [
      1,
      0,
      2,
      3,
      1
    ],
    [
      1,
      0,
      0,
      0,
      1
    ],
    [
      1,
      4,
      0,
      0,
      1
    ],
    [
      1,
      1,
      1,
      1,
      1
    ]
  ],
  "shape": [
    6,
    5
  ],
  "created_at": "2025-07-28T08:34:38.352869",
  "metadata": {
    "curriculum_stage": 11,
    "target_difficulty": 0.16690881363006926,
    "measured_difficulty": 0.2898357204530298,
    "generation_parameters": {
      "num_boxes": 1,
      "complexity": 0.16690881363006926,
      "min_size": [
        5,
        5
      ],
      "max_size": [
        7,
        7
      ],
      "target_difficulty": 0.16690881363006926
    },
    "level_stats": {
      "size": [
        6,
        5
      ],
      "total_cells": 30,
      "num_walls": 18,
      "num_boxes": 1,
      "num_targets": 1,
      "num_empty": 9,
      "wall_ratio": 0.6,
      "box_density": 0.1
    },
    "play_data": {
      "total_steps": 50,
      "total_reward": -12.09999999999999,
      "box_pushes": 0,
      "solved": false,
      "policy_entropy": [
        1.0,
        1.0,
        1.0,
        1.0,
        1.0,
        1.0,
        1.0,
        1.0,
        1.0,
        1.0,
        1.0,
        1.0,
        1.0,
        1.0,
        1.0,
        1.0,
        1.0,
        1.0,
        1.0,
        1.0,
        1.0,
        1.0,
        1.0,
        1.0,
        1.0,
        1.0,
        1.0,
        1.0,
        1.0,
        1.0,
        1.0,
        1.0,
        1.0,
        1.0,
        1.0,
        1.0,
        1.0,
        1.0,
        1.0,
        1.0,
        1.0,
        1.0,
        1.0,
        1.0,
        1.0,
        1.0,
        1.0,
        1.0,
        1.0,
        1.0
      ],
      "value_estimates": [
        0.0,
        0.0,
        0.0,
        0.0,
        0.0,
        0.0,
        0.0,
        0.0,
        0.0,
        0.0,
        0.0,
        0.0,
        0.0,
        0.0,
        0.0,
        0.0,
        0.0,
        0.0,
        0.0,
        0.0,
        0.0,
        0.0,
        0.0,
        0.0,
        0.0,
        0.0,
        0.0,
        0.0,
        0.0,
        0.0,
        0.0,
        0.0,
        0.0,
        0.0,
        0.0,
        0.0,
        0.0,
        0.0,
        0.0,
        0.0,
        0.0,
        0.0,
        0.0,
        0.0,
        0.0,
        0.0,
        0.0,
        0.0,
        0.0,
        0.0
      ],
      "action_sequence": [
        3,
        0,
        1,
        2,
        0,
        2,
        3,
        0,
        0,
        2,
        1,
        3,
        3,
        1,
        1,
        3,
        0,
        2,
        3,
        2,
        0,
        2,
        0,
        1,
        3,
        0,
        1,
        0,
        0,
        1,
        0,
        1,
        2,
        0,
        2,
        2,
        3,
        2,
        0,
        2,
        1,
        3,
        2,
        3,
        1,
        0,
        1,
        2,
        3,
        0
      ],
      "inference_times": [
        0.0,
        0.0,
        0.0,
        0.0,
        0.0,
        0.0,
        0.0,
        0.0,
        0.0,
        0.0,
        0.0,
        0.0,
        0.0,
        0.0,
        0.0,
        0.0,
        0.0005338191986083984,
        0.0,
        0.0,
        0.0,
        0.0,
        0.0,
        0.0,
        0.0,
        0.0,
        0.0,
        0.0,
        0.0,
        0.0,
        0.0,
        0.0,
        0.0,
        0.0,
        0.0,
        0.0,
        0.0,
        0.0,
        0.0,
        0.0,
        0.0,
        0.0,
        0.0,
        0.0,
        0.0,
        0.0,
        0.0,
        0.0,
        0.0,
        0.0,
        0.0
      ],
      "mean_entropy": 1.0,
      "std_entropy": 0.0,
      "mean_value": 0.0,
      "std_value": 0.0,
      "mean_inference_time": 1.0676383972167969e-05
    },
    "difficulty_breakdown": {
      "total_difficulty": 0.2898357204530298,
      "structural_difficulty": 0.08477225575051661,
      "cognitive_difficulty": 0.2001601457595825,
      "solution_difficulty": 0.41452,
      "success_difficulty": 0.8,
      "metrics": {
        "total_steps": 50,
        "total_reward": -12.09999999999999,
        "box_pushes": 0,
        "solved": false,
        "mean_entropy": 1.0,
        "std_entropy": 0.0,
        "mean_value": 0.0,
        "std_value": 0.0,
        "mean_inference_time": 1.0676383972167969e-05,
        "level_size": [
          6,
          5
        ],
        "num_boxes": 1,
        "num_targets": 1,
        "wall_ratio": 0.0,
        "box_density": 0.0,
        "level_complexity": 0.0
      }
    },
    "generation_time": 1753659278.3528693
  }
}