{
  "id": "stage_098_level_03",
  "level": [
    [
      1,
      1,
      1,
      1,
      1,
      1,
      1,
      1,
      1,
      1,
      1
    ],
    [
      1,
      1,
      0,
      0,
      1,
      0,
      1,
      0,
      0,
      0,
      1
    ],
    [
      1,
      0,
      0,
      0,
      0,
      0,
      0,
      0,
      0,
      0,
      1
    ],
    [
      1,
      0,
      0,
      1,
      0,
      0,
      0,
      0,
      0,
      0,
      1
    ],
    [
      1,
      3,
      2,
      0,
      5,
      0,
      0,
      1,
      0,
      0,
      1
    ],
    [
      1,
      0,
      0,
      0,
      3,
      5,
      0,
      0,
      0,
      0,
      1
    ],
    [
      1,
      0,
      2,
      0,
      1,
      0,
      0,
      0,
      0,
      0,
      1
    ],
    [
      1,
      5,
      4,
      1,
      0,
      0,
      0,
      0,
      0,
      0,
      1
    ],
    [
      1,
      1,
      1,
      1,
      1,
      1,
      1,
      1,
      1,
      1,
      1
    ]
  ],
  "shape": [
    9,
    11
  ],
  "created_at": "2025-07-28T08:35:33.935232",
  "metadata": {
    "curriculum_stage": 98,
    "target_difficulty": 0.8574302633808711,
    "measured_difficulty": 0.34333362311319865,
    "generation_parameters": {
      "num_boxes": 5,
      "complexity": 0.8574302633808711,
      "min_size": [
        9,
        9
      ],
      "max_size": [
        11,
        11
      ],
      "target_difficulty": 0.8574302633808711
    },
    "level_stats": {
      "size": [
        9,
        11
      ],
      "total_cells": 99,
      "num_walls": 43,
      "num_boxes": 5,
      "num_targets": 5,
      "num_empty": 48,
      "wall_ratio": 0.43434343434343436,
      "box_density": 0.09433962264150944
    },
    "play_data": {
      "total_steps": 50,
      "total_reward": -6.899999999999996,
      "box_pushes": 1,
      "solved": false,
      "policy_entropy": [
        1.0,
        1.0,
        1.0,
        1.0,
        1.0,
        1.0,
        1.0,
        1.0,
        1.0,
        1.0,
        1.0,
        1.0,
        1.0,
        1.0,
        1.0,
        1.0,
        1.0,
        1.0,
        1.0,
        1.0,
        1.0,
        1.0,
        1.0,
        1.0,
        1.0,
        1.0,
        1.0,
        1.0,
        1.0,
        1.0,
        1.0,
        1.0,
        1.0,
        1.0,
        1.0,
        1.0,
        1.0,
        1.0,
        1.0,
        1.0,
        1.0,
        1.0,
        1.0,
        1.0,
        1.0,
        1.0,
        1.0,
        1.0,
        1.0,
        1.0
      ],
      "value_estimates": [
        0.0,
        0.0,
        0.0,
        0.0,
        0.0,
        0.0,
        0.0,
        0.0,
        0.0,
        0.0,
        0.0,
        0.0,
        0.0,
        0.0,
        0.0,
        0.0,
        0.0,
        0.0,
        0.0,
        0.0,
        0.0,
        0.0,
        0.0,
        0.0,
        0.0,
        0.0,
        0.0,
        0.0,
        0.0,
        0.0,
        0.0,
        0.0,
        0.0,
        0.0,
        0.0,
        0.0,
        0.0,
        0.0,
        0.0,
        0.0,
        0.0,
        0.0,
        0.0,
        0.0,
        0.0,
        0.0,
        0.0,
        0.0,
        0.0,
        0.0
      ],
      "action_sequence": [
        0,
        3,
        2,
        2,
        1,
        2,
        1,
        3,
        2,
        2,
        1,
        3,
        2,
        0,
        3,
        2,
        0,
        3,
        1,
        3,
        2,
        2,
        2,
        2,
        2,
        2,
        2,
        1,
        1,
        1,
        2,
        1,
        0,
        0,
        3,
        3,
        1,
        0,
        1,
        1,
        2,
        3,
        2,
        2,
        3,
        3,
        0,
        3,
        1,
        2
      ],
      "inference_times": [
        0.0,
        0.0,
        0.0,
        0.0,
        0.0,
        0.0,
        0.0,
        0.0,
        0.0,
        0.0,
        0.0,
        0.0,
        0.0,
        0.0,
        0.0,
        0.0,
        0.0,
        0.0,
        0.0,
        0.0,
        0.0,
        0.0,
        0.0,
        0.0,
        0.0,
        0.0,
        0.0,
        0.0,
        0.0,
        0.0,
        0.0,
        0.0,
        0.0,
        0.0,
        0.0,
        0.0,
        0.0,
        0.0,
        0.0,
        0.0,
        0.0,
        0.0,
        0.0,
        0.0,
        0.0,
        0.0,
        0.0,
        0.0,
        0.0,
        0.0
      ],
      "mean_entropy": 1.0,
      "std_entropy": 0.0,
      "mean_value": 0.0,
      "std_value": 0.0,
      "mean_inference_time": 0.0
    },
    "difficulty_breakdown": {
      "total_difficulty": 0.34333362311319865,
      "structural_difficulty": 0.249498743710662,
      "cognitive_difficulty": 0.19999999999999998,
      "solution_difficulty": 0.42828,
      "success_difficulty": 0.8,
      "metrics": {
        "total_steps": 50,
        "total_reward": -6.899999999999996,
        "box_pushes": 1,
        "solved": false,
        "mean_entropy": 1.0,
        "std_entropy": 0.0,
        "mean_value": 0.0,
        "std_value": 0.0,
        "mean_inference_time": 0.0,
        "level_size": [
          9,
          11
        ],
        "num_boxes": 5,
        "num_targets": 5,
        "wall_ratio": 0.0,
        "box_density": 0.0,
        "level_complexity": 0.0
      }
    },
    "generation_time": 1753659333.9352324
  }
}