{
  "id": "stage_052_level_02",
  "level": [
    [
      1,
      1,
      1,
      1,
      1,
      1,
      1
    ],
    [
      1,
      0,
      0,
      0,
      0,
      3,
      1
    ],
    [
      1,
      1,
      5,
      0,
      0,
      0,
      1
    ],
    [
      1,
      0,
      0,
      0,
      0,
      0,
      1
    ],
    [
      1,
      0,
      0,
      0,
      2,
      2,
      1
    ],
    [
      1,
      0,
      0,
      1,
      3,
      4,
      1
    ],
    [
      1,
      1,
      1,
      1,
      1,
      1,
      1
    ]
  ],
  "shape": [
    7,
    7
  ],
  "created_at": "2025-07-28T08:35:11.956557",
  "metadata": {
    "curriculum_stage": 52,
    "target_difficulty": 0.5181693066085113,
    "measured_difficulty": 0.3209650522384644,
    "generation_parameters": {
      "num_boxes": 3,
      "complexity": 0.5181693066085113,
      "min_size": [
        7,
        7
      ],
      "max_size": [
        9,
        9
      ],
      "target_difficulty": 0.5181693066085113
    },
    "level_stats": {
      "size": [
        7,
        7
      ],
      "total_cells": 49,
      "num_walls": 26,
      "num_boxes": 3,
      "num_targets": 3,
      "num_empty": 17,
      "wall_ratio": 0.5306122448979592,
      "box_density": 0.15
    },
    "play_data": {
      "total_steps": 50,
      "total_reward": -8.099999999999993,
      "box_pushes": 1,
      "solved": false,
      "policy_entropy": [
        1.0,
        1.0,
        1.0,
        1.0,
        1.0,
        1.0,
        1.0,
        1.0,
        1.0,
        1.0,
        1.0,
        1.0,
        1.0,
        1.0,
        1.0,
        1.0,
        1.0,
        1.0,
        1.0,
        1.0,
        1.0,
        1.0,
        1.0,
        1.0,
        1.0,
        1.0,
        1.0,
        1.0,
        1.0,
        1.0,
        1.0,
        1.0,
        1.0,
        1.0,
        1.0,
        1.0,
        1.0,
        1.0,
        1.0,
        1.0,
        1.0,
        1.0,
        1.0,
        1.0,
        1.0,
        1.0,
        1.0,
        1.0,
        1.0,
        1.0
      ],
      "value_estimates": [
        0.0,
        0.0,
        0.0,
        0.0,
        0.0,
        0.0,
        0.0,
        0.0,
        0.0,
        0.0,
        0.0,
        0.0,
        0.0,
        0.0,
        0.0,
        0.0,
        0.0,
        0.0,
        0.0,
        0.0,
        0.0,
        0.0,
        0.0,
        0.0,
        0.0,
        0.0,
        0.0,
        0.0,
        0.0,
        0.0,
        0.0,
        0.0,
        0.0,
        0.0,
        0.0,
        0.0,
        0.0,
        0.0,
        0.0,
        0.0,
        0.0,
        0.0,
        0.0,
        0.0,
        0.0,
        0.0,
        0.0,
        0.0,
        0.0,
        0.0
      ],
      "action_sequence": [
        3,
        1,
        3,
        2,
        1,
        3,
        1,
        1,
        0,
        2,
        1,
        2,
        3,
        0,
        0,
        1,
        3,
        1,
        1,
        0,
        2,
        1,
        3,
        3,
        2,
        3,
        1,
        2,
        2,
        1,
        2,
        1,
        2,
        3,
        0,
        3,
        3,
        0,
        0,
        2,
        1,
        0,
        0,
        2,
        3,
        3,
        1,
        3,
        1,
        0
      ],
      "inference_times": [
        0.0,
        0.0,
        0.0,
        0.0,
        0.0,
        0.0,
        0.0,
        0.0,
        0.0,
        0.0,
        0.0,
        0.0,
        0.0,
        0.0,
        0.0,
        0.0,
        0.0,
        0.0,
        0.0,
        0.0,
        0.0,
        0.0,
        0.0,
        0.0,
        0.0005450248718261719,
        0.0,
        0.0,
        0.0,
        0.0,
        0.0,
        0.0,
        0.0,
        0.0,
        0.0,
        0.0,
        0.0,
        0.0,
        0.0,
        0.0,
        0.0,
        0.0,
        0.0,
        0.0,
        0.0,
        0.0,
        0.0,
        0.0,
        0.0,
        0.0,
        0.0
      ],
      "mean_entropy": 1.0,
      "std_entropy": 0.0,
      "mean_value": 0.0,
      "std_value": 0.0,
      "mean_inference_time": 1.0900497436523437e-05
    },
    "difficulty_breakdown": {
      "total_difficulty": 0.3209650522384644,
      "structural_difficulty": 0.15999999999999998,
      "cognitive_difficulty": 0.20016350746154785,
      "solution_difficulty": 0.4430533333333333,
      "success_difficulty": 0.8,
      "metrics": {
        "total_steps": 50,
        "total_reward": -8.099999999999993,
        "box_pushes": 1,
        "solved": false,
        "mean_entropy": 1.0,
        "std_entropy": 0.0,
        "mean_value": 0.0,
        "std_value": 0.0,
        "mean_inference_time": 1.0900497436523437e-05,
        "level_size": [
          7,
          7
        ],
        "num_boxes": 3,
        "num_targets": 3,
        "wall_ratio": 0.0,
        "box_density": 0.0,
        "level_complexity": 0.0
      }
    },
    "generation_time": 1753659311.9565578
  }
}