{
  "id": "stage_021_level_03",
  "level": [
    [
      1,
      1,
      1,
      1,
      1,
      1,
      1
    ],
    [
      1,
      0,
      0,
      0,
      0,
      0,
      1
    ],
    [
      1,
      0,
      0,
      3,
      2,
      0,
      1
    ],
    [
      1,
      0,
      0,
      0,
      0,
      4,
      1
    ],
    [
      1,
      0,
      0,
      0,
      0,
      0,
      1
    ],
    [
      1,
      0,
      0,
      5,
      0,
      0,
      1
    ],
    [
      1,
      0,
      0,
      0,
      0,
      0,
      1
    ],
    [
      1,
      1,
      1,
      1,
      1,
      1,
      1
    ]
  ],
  "shape": [
    8,
    7
  ],
  "created_at": "2025-07-28T08:34:38.483194",
  "metadata": {
    "curriculum_stage": 21,
    "target_difficulty": 0.21466638978515862,
    "measured_difficulty": 0.3030059443206437,
    "generation_parameters": {
      "num_boxes": 2,
      "complexity": 0.21466638978515862,
      "min_size": [
        6,
        6
      ],
      "max_size": [
        8,
        8
      ],
      "target_difficulty": 0.21466638978515862
    },
    "level_stats": {
      "size": [
        8,
        7
      ],
      "total_cells": 56,
      "num_walls": 26,
      "num_boxes": 2,
      "num_targets": 2,
      "num_empty": 26,
      "wall_ratio": 0.4642857142857143,
      "box_density": 0.07142857142857142
    },
    "play_data": {
      "total_steps": 50,
      "total_reward": -7.0999999999999925,
      "box_pushes": 0,
      "solved": false,
      "policy_entropy": [
        1.0,
        1.0,
        1.0,
        1.0,
        1.0,
        1.0,
        1.0,
        1.0,
        1.0,
        1.0,
        1.0,
        1.0,
        1.0,
        1.0,
        1.0,
        1.0,
        1.0,
        1.0,
        1.0,
        1.0,
        1.0,
        1.0,
        1.0,
        1.0,
        1.0,
        1.0,
        1.0,
        1.0,
        1.0,
        1.0,
        1.0,
        1.0,
        1.0,
        1.0,
        1.0,
        1.0,
        1.0,
        1.0,
        1.0,
        1.0,
        1.0,
        1.0,
        1.0,
        1.0,
        1.0,
        1.0,
        1.0,
        1.0,
        1.0,
        1.0
      ],
      "value_estimates": [
        0.0,
        0.0,
        0.0,
        0.0,
        0.0,
        0.0,
        0.0,
        0.0,
        0.0,
        0.0,
        0.0,
        0.0,
        0.0,
        0.0,
        0.0,
        0.0,
        0.0,
        0.0,
        0.0,
        0.0,
        0.0,
        0.0,
        0.0,
        0.0,
        0.0,
        0.0,
        0.0,
        0.0,
        0.0,
        0.0,
        0.0,
        0.0,
        0.0,
        0.0,
        0.0,
        0.0,
        0.0,
        0.0,
        0.0,
        0.0,
        0.0,
        0.0,
        0.0,
        0.0,
        0.0,
        0.0,
        0.0,
        0.0,
        0.0,
        0.0
      ],
      "action_sequence": [
        1,
        0,
        1,
        1,
        3,
        1,
        0,
        0,
        1,
        1,
        3,
        2,
        1,
        0,
        0,
        1,
        1,
        0,
        2,
        1,
        3,
        2,
        0,
        2,
        0,
        2,
        0,
        2,
        0,
        2,
        1,
        1,
        0,
        0,
        1,
        1,
        3,
        0,
        3,
        1,
        3,
        2,
        2,
        3,
        1,
        0,
        0,
        1,
        0,
        2
      ],
      "inference_times": [
        0.0,
        0.0,
        0.0,
        0.0,
        0.0,
        0.0,
        0.0,
        0.0,
        0.0,
        0.0,
        0.0,
        0.0,
        0.0,
        0.0,
        0.0,
        0.0,
        0.0,
        0.0,
        0.0,
        0.0,
        0.0,
        0.0,
        0.0,
        0.0,
        0.0,
        0.0,
        0.0,
        0.0,
        0.0,
        0.0,
        0.0,
        0.0,
        0.0,
        0.0,
        0.0,
        0.0,
        0.0,
        0.0,
        0.0,
        0.0,
        0.0,
        0.0,
        0.0,
        0.0,
        0.0,
        0.0,
        0.0,
        0.0,
        0.0,
        0.0
      ],
      "mean_entropy": 1.0,
      "std_entropy": 0.0,
      "mean_value": 0.0,
      "std_value": 0.0,
      "mean_inference_time": 0.0
    },
    "difficulty_breakdown": {
      "total_difficulty": 0.3030059443206437,
      "structural_difficulty": 0.13483314773547883,
      "cognitive_difficulty": 0.19999999999999998,
      "solution_difficulty": 0.40852,
      "success_difficulty": 0.8,
      "metrics": {
        "total_steps": 50,
        "total_reward": -7.0999999999999925,
        "box_pushes": 0,
        "solved": false,
        "mean_entropy": 1.0,
        "std_entropy": 0.0,
        "mean_value": 0.0,
        "std_value": 0.0,
        "mean_inference_time": 0.0,
        "level_size": [
          8,
          7
        ],
        "num_boxes": 2,
        "num_targets": 2,
        "wall_ratio": 0.0,
        "box_density": 0.0,
        "level_complexity": 0.0
      }
    },
    "generation_time": 1753659278.4831948
  }
}