{
  "id": "stage_054_level_01",
  "level": [
    [
      1,
      1,
      1,
      1,
      1,
      1,
      1,
      1,
      1
    ],
    [
      1,
      1,
      0,
      0,
      0,
      2,
      0,
      3,
      1
    ],
    [
      1,
      5,
      1,
      0,
      0,
      0,
      0,
      5,
      1
    ],
    [
      1,
      0,
      0,
      4,
      0,
      0,
      0,
      0,
      1
    ],
    [
      1,
      0,
      0,
      0,
      0,
      0,
      0,
      0,
      1
    ],
    [
      1,
      1,
      0,
      0,
      0,
      0,
      0,
      0,
      1
    ],
    [
      1,
      1,
      1,
      1,
      1,
      1,
      1,
      1,
      1
    ]
  ],
  "shape": [
    7,
    9
  ],
  "created_at": "2025-07-28T08:35:11.983354",
  "metadata": {
    "curriculum_stage": 54,
    "target_difficulty": 0.5422658802661133,
    "measured_difficulty": 0.31401131652522835,
    "generation_parameters": {
      "num_boxes": 3,
      "complexity": 0.5422658802661133,
      "min_size": [
        7,
        7
      ],
      "max_size": [
        9,
        9
      ],
      "target_difficulty": 0.5422658802661133
    },
    "level_stats": {
      "size": [
        7,
        9
      ],
      "total_cells": 63,
      "num_walls": 31,
      "num_boxes": 3,
      "num_targets": 3,
      "num_empty": 27,
      "wall_ratio": 0.49206349206349204,
      "box_density": 0.1
    },
    "play_data": {
      "total_steps": 50,
      "total_reward": -8.59999999999999,
      "box_pushes": 0,
      "solved": false,
      "policy_entropy": [
        1.0,
        1.0,
        1.0,
        1.0,
        1.0,
        1.0,
        1.0,
        1.0,
        1.0,
        1.0,
        1.0,
        1.0,
        1.0,
        1.0,
        1.0,
        1.0,
        1.0,
        1.0,
        1.0,
        1.0,
        1.0,
        1.0,
        1.0,
        1.0,
        1.0,
        1.0,
        1.0,
        1.0,
        1.0,
        1.0,
        1.0,
        1.0,
        1.0,
        1.0,
        1.0,
        1.0,
        1.0,
        1.0,
        1.0,
        1.0,
        1.0,
        1.0,
        1.0,
        1.0,
        1.0,
        1.0,
        1.0,
        1.0,
        1.0,
        1.0
      ],
      "value_estimates": [
        0.0,
        0.0,
        0.0,
        0.0,
        0.0,
        0.0,
        0.0,
        0.0,
        0.0,
        0.0,
        0.0,
        0.0,
        0.0,
        0.0,
        0.0,
        0.0,
        0.0,
        0.0,
        0.0,
        0.0,
        0.0,
        0.0,
        0.0,
        0.0,
        0.0,
        0.0,
        0.0,
        0.0,
        0.0,
        0.0,
        0.0,
        0.0,
        0.0,
        0.0,
        0.0,
        0.0,
        0.0,
        0.0,
        0.0,
        0.0,
        0.0,
        0.0,
        0.0,
        0.0,
        0.0,
        0.0,
        0.0,
        0.0,
        0.0,
        0.0
      ],
      "action_sequence": [
        3,
        2,
        0,
        0,
        1,
        1,
        3,
        2,
        0,
        1,
        1,
        1,
        1,
        0,
        1,
        2,
        1,
        3,
        3,
        1,
        3,
        3,
        2,
        2,
        1,
        0,
        1,
        0,
        1,
        2,
        0,
        3,
        3,
        0,
        0,
        2,
        3,
        2,
        0,
        1,
        2,
        1,
        1,
        2,
        2,
        3,
        3,
        3,
        0,
        3
      ],
      "inference_times": [
        0.0005745887756347656,
        0.0,
        0.0,
        0.0,
        0.0,
        0.0,
        0.0,
        0.0,
        0.0,
        0.0,
        0.0,
        0.0,
        0.0,
        0.0,
        0.0,
        0.0,
        0.0,
        0.0,
        0.0,
        0.0,
        0.0,
        0.0,
        0.0,
        0.0,
        0.0,
        0.0,
        0.0,
        0.0,
        0.0,
        0.0,
        0.0,
        0.0,
        0.0,
        0.0,
        0.0,
        0.0,
        0.0,
        0.0,
        0.000576019287109375,
        0.0,
        0.0,
        0.0,
        0.0,
        0.0,
        0.0,
        0.0,
        0.0,
        0.0,
        0.0,
        0.0
      ],
      "mean_entropy": 1.0,
      "std_entropy": 0.0,
      "mean_value": 0.0,
      "std_value": 0.0,
      "mean_inference_time": 2.301216125488281e-05
    },
    "difficulty_breakdown": {
      "total_difficulty": 0.31401131652522835,
      "structural_difficulty": 0.16937253933193772,
      "cognitive_difficulty": 0.20034518241882324,
      "solution_difficulty": 0.41032,
      "success_difficulty": 0.8,
      "metrics": {
        "total_steps": 50,
        "total_reward": -8.59999999999999,
        "box_pushes": 0,
        "solved": false,
        "mean_entropy": 1.0,
        "std_entropy": 0.0,
        "mean_value": 0.0,
        "std_value": 0.0,
        "mean_inference_time": 2.301216125488281e-05,
        "level_size": [
          7,
          9
        ],
        "num_boxes": 3,
        "num_targets": 3,
        "wall_ratio": 0.0,
        "box_density": 0.0,
        "level_complexity": 0.0
      }
    },
    "generation_time": 1753659311.983354
  }
}