{
  "id": "stage_013_level_01",
  "level": [
    [
      1,
      1,
      1,
      1,
      1,
      1,
      1
    ],
    [
      1,
      0,
      0,
      0,
      0,
      0,
      1
    ],
    [
      1,
      0,
      0,
      0,
      0,
      0,
      1
    ],
    [
      1,
      0,
      4,
      0,
      0,
      0,
      1
    ],
    [
      1,
      0,
      2,
      0,
      0,
      3,
      1
    ],
    [
      1,
      1,
      1,
      1,
      1,
      1,
      1
    ]
  ],
  "shape": [
    6,
    7
  ],
  "created_at": "2025-07-28T08:34:38.370257",
  "metadata": {
    "curriculum_stage": 13,
    "target_difficulty": 0.17472560377346574,
    "measured_difficulty": 0.294827810775491,
    "generation_parameters": {
      "num_boxes": 1,
      "complexity": 0.17472560377346574,
      "min_size": [
        5,
        5
      ],
      "max_size": [
        7,
        7
      ],
      "target_difficulty": 0.17472560377346574
    },
    "level_stats": {
      "size": [
        6,
        7
      ],
      "total_cells": 42,
      "num_walls": 22,
      "num_boxes": 1,
      "num_targets": 1,
      "num_empty": 17,
      "wall_ratio": 0.5238095238095238,
      "box_density": 0.05555555555555555
    },
    "play_data": {
      "total_steps": 50,
      "total_reward": -17.599999999999994,
      "box_pushes": 0,
      "solved": false,
      "policy_entropy": [
        1.0,
        1.0,
        1.0,
        1.0,
        1.0,
        1.0,
        1.0,
        1.0,
        1.0,
        1.0,
        1.0,
        1.0,
        1.0,
        1.0,
        1.0,
        1.0,
        1.0,
        1.0,
        1.0,
        1.0,
        1.0,
        1.0,
        1.0,
        1.0,
        1.0,
        1.0,
        1.0,
        1.0,
        1.0,
        1.0,
        1.0,
        1.0,
        1.0,
        1.0,
        1.0,
        1.0,
        1.0,
        1.0,
        1.0,
        1.0,
        1.0,
        1.0,
        1.0,
        1.0,
        1.0,
        1.0,
        1.0,
        1.0,
        1.0,
        1.0
      ],
      "value_estimates": [
        0.0,
        0.0,
        0.0,
        0.0,
        0.0,
        0.0,
        0.0,
        0.0,
        0.0,
        0.0,
        0.0,
        0.0,
        0.0,
        0.0,
        0.0,
        0.0,
        0.0,
        0.0,
        0.0,
        0.0,
        0.0,
        0.0,
        0.0,
        0.0,
        0.0,
        0.0,
        0.0,
        0.0,
        0.0,
        0.0,
        0.0,
        0.0,
        0.0,
        0.0,
        0.0,
        0.0,
        0.0,
        0.0,
        0.0,
        0.0,
        0.0,
        0.0,
        0.0,
        0.0,
        0.0,
        0.0,
        0.0,
        0.0,
        0.0,
        0.0
      ],
      "action_sequence": [
        3,
        3,
        0,
        0,
        0,
        2,
        1,
        2,
        1,
        0,
        2,
        1,
        0,
        0,
        2,
        1,
        0,
        2,
        3,
        1,
        2,
        1,
        1,
        0,
        0,
        1,
        1,
        1,
        1,
        1,
        2,
        0,
        2,
        2,
        2,
        2,
        0,
        3,
        2,
        0,
        2,
        1,
        0,
        3,
        2,
        1,
        1,
        2,
        2,
        1
      ],
      "inference_times": [
        0.0,
        0.0,
        0.0,
        0.0,
        0.0,
        0.0,
        0.0,
        0.0,
        0.0,
        0.0,
        0.0,
        0.0,
        0.0,
        0.0,
        0.0,
        0.0,
        0.0,
        0.0,
        0.0,
        0.0,
        0.0,
        0.0,
        0.0,
        0.0,
        0.0,
        0.0,
        0.0,
        0.0,
        0.0,
        0.0,
        0.0,
        0.0,
        0.0,
        0.0,
        0.0,
        0.0,
        0.0,
        0.0,
        0.0,
        0.0,
        0.0,
        0.0005509853363037109,
        0.0,
        0.0,
        0.0,
        0.0,
        0.0,
        0.0,
        0.0,
        0.0
      ],
      "mean_entropy": 1.0,
      "std_entropy": 0.0,
      "mean_value": 0.0,
      "std_value": 0.0,
      "mean_inference_time": 1.1019706726074218e-05
    },
    "difficulty_breakdown": {
      "total_difficulty": 0.294827810775491,
      "structural_difficulty": 0.09480740698407861,
      "cognitive_difficulty": 0.2001652956008911,
      "solution_difficulty": 0.42112000000000005,
      "success_difficulty": 0.8,
      "metrics": {
        "total_steps": 50,
        "total_reward": -17.599999999999994,
        "box_pushes": 0,
        "solved": false,
        "mean_entropy": 1.0,
        "std_entropy": 0.0,
        "mean_value": 0.0,
        "std_value": 0.0,
        "mean_inference_time": 1.1019706726074218e-05,
        "level_size": [
          6,
          7
        ],
        "num_boxes": 1,
        "num_targets": 1,
        "wall_ratio": 0.0,
        "box_density": 0.0,
        "level_complexity": 0.0
      }
    },
    "generation_time": 1753659278.370257
  }
}