{
  "id": "stage_005_level_01",
  "level": [
    [
      1,
      1,
      1,
      1,
      1
    ],
    [
      1,
      0,
      0,
      3,
      1
    ],
    [
      1,
      4,
      2,
      0,
      1
    ],
    [
      1,
      0,
      0,
      0,
      1
    ],
    [
      1,
      1,
      1,
      1,
      1
    ]
  ],
  "shape": [
    5,
    5
  ],
  "created_at": "2025-07-28T08:33:57.331000",
  "metadata": {
    "curriculum_stage": 5,
    "target_difficulty": 0.14772817841533986,
    "measured_difficulty": 0.28995251579666137,
    "generation_parameters": {
      "num_boxes": 1,
      "complexity": 0.14772817841533986,
      "min_size": [
        5,
        5
      ],
      "max_size": [
        7,
        7
      ],
      "target_difficulty": 0.14772817841533986
    },
    "level_stats": {
      "size": [
        5,
        5
      ],
      "total_cells": 25,
      "num_walls": 16,
      "num_boxes": 1,
      "num_targets": 1,
      "num_empty": 6,
      "wall_ratio": 0.64,
      "box_density": 0.14285714285714285
    },
    "play_data": {
      "total_steps": 50,
      "total_reward": -16.4,
      "box_pushes": 0,
      "solved": false,
      "policy_entropy": [
        1.0,
        1.0,
        1.0,
        1.0,
        1.0,
        1.0,
        1.0,
        1.0,
        1.0,
        1.0,
        1.0,
        1.0,
        1.0,
        1.0,
        1.0,
        1.0,
        1.0,
        1.0,
        1.0,
        1.0,
        1.0,
        1.0,
        1.0,
        1.0,
        1.0,
        1.0,
        1.0,
        1.0,
        1.0,
        1.0,
        1.0,
        1.0,
        1.0,
        1.0,
        1.0,
        1.0,
        1.0,
        1.0,
        1.0,
        1.0,
        1.0,
        1.0,
        1.0,
        1.0,
        1.0,
        1.0,
        1.0,
        1.0,
        1.0,
        1.0
      ],
      "value_estimates": [
        0.0,
        0.0,
        0.0,
        0.0,
        0.0,
        0.0,
        0.0,
        0.0,
        0.0,
        0.0,
        0.0,
        0.0,
        0.0,
        0.0,
        0.0,
        0.0,
        0.0,
        0.0,
        0.0,
        0.0,
        0.0,
        0.0,
        0.0,
        0.0,
        0.0,
        0.0,
        0.0,
        0.0,
        0.0,
        0.0,
        0.0,
        0.0,
        0.0,
        0.0,
        0.0,
        0.0,
        0.0,
        0.0,
        0.0,
        0.0,
        0.0,
        0.0,
        0.0,
        0.0,
        0.0,
        0.0,
        0.0,
        0.0,
        0.0,
        0.0
      ],
      "action_sequence": [
        0,
        3,
        0,
        2,
        1,
        3,
        0,
        3,
        3,
        3,
        1,
        1,
        0,
        0,
        3,
        1,
        2,
        3,
        1,
        0,
        3,
        1,
        0,
        3,
        2,
        1,
        2,
        2,
        3,
        1,
        3,
        1,
        1,
        0,
        0,
        0,
        0,
        2,
        3,
        3,
        2,
        0,
        1,
        2,
        0,
        3,
        1,
        2,
        3,
        1
      ],
      "inference_times": [
        0.0,
        0.0,
        0.0,
        0.0,
        0.0,
        0.0,
        0.0,
        0.0,
        0.0,
        0.0,
        0.0,
        0.0,
        0.0,
        0.0,
        0.0,
        0.0,
        0.0,
        0.0,
        0.0,
        0.0,
        0.0,
        0.0,
        0.0,
        0.0,
        0.0,
        0.0,
        0.0,
        0.0,
        0.0,
        0.0,
        0.0,
        0.0,
        0.0,
        0.0,
        0.0,
        0.0,
        0.0,
        0.0005390644073486328,
        0.0,
        0.0,
        0.0,
        0.0,
        0.0,
        0.0,
        0.0,
        0.0,
        0.0,
        0.0,
        0.0,
        0.0
      ],
      "mean_entropy": 1.0,
      "std_entropy": 0.0,
      "mean_value": 0.0,
      "std_value": 0.0,
      "mean_inference_time": 1.0781288146972656e-05
    },
    "difficulty_breakdown": {
      "total_difficulty": 0.28995251579666137,
      "structural_difficulty": 0.08,
      "cognitive_difficulty": 0.20016171932220458,
      "solution_difficulty": 0.41967999999999994,
      "success_difficulty": 0.8,
      "metrics": {
        "total_steps": 50,
        "total_reward": -16.4,
        "box_pushes": 0,
        "solved": false,
        "mean_entropy": 1.0,
        "std_entropy": 0.0,
        "mean_value": 0.0,
        "std_value": 0.0,
        "mean_inference_time": 1.0781288146972656e-05,
        "level_size": [
          5,
          5
        ],
        "num_boxes": 1,
        "num_targets": 1,
        "wall_ratio": 0.0,
        "box_density": 0.0,
        "level_complexity": 0.0
      }
    },
    "generation_time": 1753659237.3310006
  }
}