{
  "id": "stage_096_level_03",
  "level": [
    [
      1,
      1,
      1,
      1,
      1,
      1,
      1,
      1,
      1,
      1
    ],
    [
      1,
      0,
      0,
      0,
      0,
      0,
      0,
      5,
      0,
      1
    ],
    [
      1,
      0,
      0,
      0,
      5,
      5,
      0,
      0,
      1,
      1
    ],
    [
      1,
      0,
      0,
      0,
      5,
      0,
      0,
      0,
      0,
      1
    ],
    [
      1,
      1,
      3,
      0,
      0,
      0,
      0,
      0,
      0,
      1
    ],
    [
      1,
      4,
      2,
      0,
      0,
      0,
      0,
      0,
      0,
      1
    ],
    [
      1,
      0,
      0,
      0,
      0,
      0,
      0,
      0,
      0,
      1
    ],
    [
      1,
      1,
      0,
      0,
      1,
      0,
      0,
      0,
      0,
      1
    ],
    [
      1,
      1,
      0,
      1,
      0,
      0,
      1,
      0,
      0,
      1
    ],
    [
      1,
      0,
      0,
      1,
      0,
      0,
      0,
      0,
      0,
      1
    ],
    [
      1,
      1,
      1,
      1,
      1,
      1,
      1,
      1,
      1,
      1
    ]
  ],
  "shape": [
    11,
    10
  ],
  "created_at": "2025-07-28T08:35:33.890470",
  "metadata": {
    "curriculum_stage": 96,
    "target_difficulty": 0.8522718215846601,
    "measured_difficulty": 0.3358998156465206,
    "generation_parameters": {
      "num_boxes": 5,
      "complexity": 0.8522718215846601,
      "min_size": [
        9,
        9
      ],
      "max_size": [
        11,
        11
      ],
      "target_difficulty": 0.8522718215846601
    },
    "level_stats": {
      "size": [
        11,
        10
      ],
      "total_cells": 110,
      "num_walls": 46,
      "num_boxes": 5,
      "num_targets": 5,
      "num_empty": 57,
      "wall_ratio": 0.41818181818181815,
      "box_density": 0.08064516129032258
    },
    "play_data": {
      "total_steps": 50,
      "total_reward": 1.699999999999999,
      "box_pushes": 0,
      "solved": false,
      "policy_entropy": [
        1.0,
        1.0,
        1.0,
        1.0,
        1.0,
        1.0,
        1.0,
        1.0,
        1.0,
        1.0,
        1.0,
        1.0,
        1.0,
        1.0,
        1.0,
        1.0,
        1.0,
        1.0,
        1.0,
        1.0,
        1.0,
        1.0,
        1.0,
        1.0,
        1.0,
        1.0,
        1.0,
        1.0,
        1.0,
        1.0,
        1.0,
        1.0,
        1.0,
        1.0,
        1.0,
        1.0,
        1.0,
        1.0,
        1.0,
        1.0,
        1.0,
        1.0,
        1.0,
        1.0,
        1.0,
        1.0,
        1.0,
        1.0,
        1.0,
        1.0
      ],
      "value_estimates": [
        0.0,
        0.0,
        0.0,
        0.0,
        0.0,
        0.0,
        0.0,
        0.0,
        0.0,
        0.0,
        0.0,
        0.0,
        0.0,
        0.0,
        0.0,
        0.0,
        0.0,
        0.0,
        0.0,
        0.0,
        0.0,
        0.0,
        0.0,
        0.0,
        0.0,
        0.0,
        0.0,
        0.0,
        0.0,
        0.0,
        0.0,
        0.0,
        0.0,
        0.0,
        0.0,
        0.0,
        0.0,
        0.0,
        0.0,
        0.0,
        0.0,
        0.0,
        0.0,
        0.0,
        0.0,
        0.0,
        0.0,
        0.0,
        0.0,
        0.0
      ],
      "action_sequence": [
        0,
        3,
        0,
        0,
        3,
        3,
        0,
        2,
        2,
        3,
        3,
        3,
        0,
        0,
        3,
        3,
        2,
        2,
        1,
        0,
        3,
        0,
        1,
        0,
        0,
        1,
        0,
        1,
        3,
        3,
        0,
        2,
        1,
        2,
        2,
        2,
        1,
        1,
        3,
        0,
        0,
        3,
        0,
        1,
        1,
        0,
        1,
        1,
        1,
        0
      ],
      "inference_times": [
        0.0,
        0.0,
        0.0,
        0.0,
        0.0,
        0.0,
        0.0,
        0.0,
        0.0,
        0.0,
        0.0,
        0.0,
        0.0,
        0.0,
        0.0,
        0.0,
        0.0,
        0.0,
        0.0,
        0.0,
        0.0,
        0.0,
        0.0,
        0.0,
        0.0,
        0.0,
        0.0,
        0.0,
        0.0,
        0.0,
        0.0,
        0.0,
        0.0,
        0.0,
        0.0,
        0.0,
        0.0,
        0.0,
        0.0,
        0.0,
        0.0,
        0.0,
        0.0,
        0.0,
        0.0005283355712890625,
        0.0,
        0.0,
        0.0,
        0.0,
        0.0
      ],
      "mean_entropy": 1.0,
      "std_entropy": 0.0,
      "mean_value": 0.0,
      "std_value": 0.0,
      "mean_inference_time": 1.056671142578125e-05
    },
    "difficulty_breakdown": {
      "total_difficulty": 0.3358998156465206,
      "structural_difficulty": 0.25488088481701515,
      "cognitive_difficulty": 0.2001585006713867,
      "solution_difficulty": 0.39796,
      "success_difficulty": 0.8,
      "metrics": {
        "total_steps": 50,
        "total_reward": 1.699999999999999,
        "box_pushes": 0,
        "solved": false,
        "mean_entropy": 1.0,
        "std_entropy": 0.0,
        "mean_value": 0.0,
        "std_value": 0.0,
        "mean_inference_time": 1.056671142578125e-05,
        "level_size": [
          11,
          10
        ],
        "num_boxes": 5,
        "num_targets": 5,
        "wall_ratio": 0.0,
        "box_density": 0.0,
        "level_complexity": 0.0
      }
    },
    "generation_time": 1753659333.8904705
  }
}