{
  "id": "stage_096_level_01",
  "level": [
    [
      1,
      1,
      1,
      1,
      1,
      1,
      1,
      1,
      1,
      1,
      1
    ],
    [
      1,
      0,
      0,
      0,
      1,
      0,
      0,
      0,
      1,
      1,
      1
    ],
    [
      1,
      0,
      0,
      0,
      0,
      0,
      0,
      0,
      0,
      0,
      1
    ],
    [
      1,
      0,
      0,
      1,
      0,
      0,
      0,
      0,
      0,
      4,
      1
    ],
    [
      1,
      0,
      0,
      0,
      0,
      0,
      0,
      2,
      1,
      0,
      1
    ],
    [
      1,
      0,
      0,
      0,
      0,
      0,
      5,
      3,
      0,
      0,
      1
    ],
    [
      1,
      0,
      1,
      0,
      0,
      0,
      0,
      0,
      1,
      5,
      1
    ],
    [
      1,
      0,
      0,
      0,
      0,
      0,
      5,
      0,
      0,
      5,
      1
    ],
    [
      1,
      1,
      1,
      1,
      1,
      1,
      1,
      1,
      1,
      1,
      1
    ]
  ],
  "shape": [
    9,
    11
  ],
  "created_at": "2025-07-28T08:35:33.877803",
  "metadata": {
    "curriculum_stage": 96,
    "target_difficulty": 0.8522718215846601,
    "measured_difficulty": 0.17444962311319862,
    "generation_parameters": {
      "num_boxes": 5,
      "complexity": 0.8522718215846601,
      "min_size": [
        9,
        9
      ],
      "max_size": [
        11,
        11
      ],
      "target_difficulty": 0.8522718215846601
    },
    "level_stats": {
      "size": [
        9,
        11
      ],
      "total_cells": 99,
      "num_walls": 43,
      "num_boxes": 5,
      "num_targets": 5,
      "num_empty": 49,
      "wall_ratio": 0.43434343434343436,
      "box_density": 0.09259259259259259
    },
    "play_data": {
      "total_steps": 6,
      "total_reward": 108.5,
      "box_pushes": 1,
      "solved": true,
      "policy_entropy": [
        1.0,
        1.0,
        1.0,
        1.0,
        1.0,
        1.0
      ],
      "value_estimates": [
        0.0,
        0.0,
        0.0,
        0.0,
        0.0,
        0.0
      ],
      "action_sequence": [
        0,
        1,
        2,
        1,
        2,
        1
      ],
      "inference_times": [
        0.0,
        0.0,
        0.0,
        0.0,
        0.0,
        0.0
      ],
      "mean_entropy": 1.0,
      "std_entropy": 0.0,
      "mean_value": 0.0,
      "std_value": 0.0,
      "mean_inference_time": 0.0
    },
    "difficulty_breakdown": {
      "total_difficulty": 0.17444962311319862,
      "structural_difficulty": 0.249498743710662,
      "cognitive_difficulty": 0.19999999999999998,
      "solution_difficulty": 0.032,
      "success_difficulty": 0.3,
      "metrics": {
        "total_steps": 6,
        "total_reward": 108.5,
        "box_pushes": 1,
        "solved": true,
        "mean_entropy": 1.0,
        "std_entropy": 0.0,
        "mean_value": 0.0,
        "std_value": 0.0,
        "mean_inference_time": 0.0,
        "level_size": [
          9,
          11
        ],
        "num_boxes": 5,
        "num_targets": 5,
        "wall_ratio": 0.0,
        "box_density": 0.0,
        "level_complexity": 0.0
      }
    },
    "generation_time": 1753659333.8778033
  }
}