{
  "id": "stage_099_level_03",
  "level": [
    [
      1,
      1,
      1,
      1,
      1,
      1,
      1,
      1,
      1,
      1,
      1
    ],
    [
      1,
      0,
      0,
      0,
      1,
      5,
      0,
      0,
      1,
      0,
      1
    ],
    [
      1,
      0,
      0,
      0,
      0,
      0,
      0,
      0,
      0,
      0,
      1
    ],
    [
      1,
      5,
      0,
      0,
      1,
      0,
      1,
      0,
      0,
      0,
      1
    ],
    [
      1,
      0,
      0,
      0,
      0,
      0,
      0,
      0,
      4,
      0,
      1
    ],
    [
      1,
      0,
      0,
      1,
      0,
      0,
      0,
      0,
      0,
      0,
      1
    ],
    [
      1,
      0,
      0,
      0,
      0,
      0,
      0,
      0,
      1,
      1,
      1
    ],
    [
      1,
      1,
      1,
      0,
      0,
      0,
      0,
      0,
      5,
      5,
      1
    ],
    [
      1,
      0,
      0,
      0,
      0,
      0,
      5,
      0,
      0,
      0,
      1
    ],
    [
      1,
      1,
      1,
      1,
      1,
      1,
      1,
      1,
      1,
      1,
      1
    ]
  ],
  "shape": [
    10,
    11
  ],
  "created_at": "2025-07-28T08:35:33.961562",
  "metadata": {
    "curriculum_stage": 99,
    "target_difficulty": 0.8598078526702818,
    "measured_difficulty": 0.1756595708879146,
    "generation_parameters": {
      "num_boxes": 5,
      "complexity": 0.8598078526702818,
      "min_size": [
        9,
        9
      ],
      "max_size": [
        11,
        11
      ],
      "target_difficulty": 0.8598078526702818
    },
    "level_stats": {
      "size": [
        10,
        11
      ],
      "total_cells": 110,
      "num_walls": 47,
      "num_boxes": 5,
      "num_targets": 5,
      "num_empty": 57,
      "wall_ratio": 0.42727272727272725,
      "box_density": 0.08064516129032258
    },
    "play_data": {
      "total_steps": 1,
      "total_reward": 99.9,
      "box_pushes": 1,
      "solved": true,
      "policy_entropy": [
        1.0
      ],
      "value_estimates": [
        0.0
      ],
      "action_sequence": [
        1
      ],
      "inference_times": [
        0.0005767345428466797
      ],
      "mean_entropy": 1.0,
      "std_entropy": 0.0,
      "mean_value": 0.0,
      "std_value": 0.0,
      "mean_inference_time": 0.0005767345428466797
    },
    "difficulty_breakdown": {
      "total_difficulty": 0.1756595708879146,
      "structural_difficulty": 0.25488088481701515,
      "cognitive_difficulty": 0.20865101814270018,
      "solution_difficulty": 0.022,
      "success_difficulty": 0.3,
      "metrics": {
        "total_steps": 1,
        "total_reward": 99.9,
        "box_pushes": 1,
        "solved": true,
        "mean_entropy": 1.0,
        "std_entropy": 0.0,
        "mean_value": 0.0,
        "std_value": 0.0,
        "mean_inference_time": 0.0005767345428466797,
        "level_size": [
          10,
          11
        ],
        "num_boxes": 5,
        "num_targets": 5,
        "wall_ratio": 0.0,
        "box_density": 0.0,
        "level_complexity": 0.0
      }
    },
    "generation_time": 1753659333.9615626
  }
}