{
  "id": "stage_098_level_01",
  "level": [
    [
      1,
      1,
      1,
      1,
      1,
      1,
      1,
      1,
      1
    ],
    [
      1,
      1,
      0,
      0,
      0,
      0,
      0,
      0,
      1
    ],
    [
      1,
      0,
      2,
      0,
      0,
      0,
      0,
      0,
      1
    ],
    [
      1,
      0,
      0,
      0,
      0,
      1,
      5,
      0,
      1
    ],
    [
      1,
      3,
      0,
      0,
      4,
      0,
      0,
      0,
      1
    ],
    [
      1,
      0,
      2,
      0,
      0,
      0,
      0,
      5,
      1
    ],
    [
      1,
      1,
      3,
      1,
      0,
      0,
      0,
      0,
      1
    ],
    [
      1,
      0,
      0,
      0,
      0,
      0,
      5,
      1,
      1
    ],
    [
      1,
      0,
      0,
      0,
      0,
      1,
      1,
      0,
      1
    ],
    [
      1,
      0,
      0,
      1,
      0,
      0,
      0,
      0,
      1
    ],
    [
      1,
      1,
      1,
      1,
      1,
      1,
      1,
      1,
      1
    ]
  ],
  "shape": [
    11,
    9
  ],
  "created_at": "2025-07-28T08:35:33.922123",
  "metadata": {
    "curriculum_stage": 98,
    "target_difficulty": 0.8574302633808711,
    "measured_difficulty": 0.34114457783655683,
    "generation_parameters": {
      "num_boxes": 5,
      "complexity": 0.8574302633808711,
      "min_size": [
        9,
        9
      ],
      "max_size": [
        11,
        11
      ],
      "target_difficulty": 0.8574302633808711
    },
    "level_stats": {
      "size": [
        11,
        9
      ],
      "total_cells": 99,
      "num_walls": 44,
      "num_boxes": 5,
      "num_targets": 5,
      "num_empty": 47,
      "wall_ratio": 0.4444444444444444,
      "box_density": 0.09615384615384616
    },
    "play_data": {
      "total_steps": 50,
      "total_reward": -0.39999999999999825,
      "box_pushes": 1,
      "solved": false,
      "policy_entropy": [
        1.0,
        1.0,
        1.0,
        1.0,
        1.0,
        1.0,
        1.0,
        1.0,
        1.0,
        1.0,
        1.0,
        1.0,
        1.0,
        1.0,
        1.0,
        1.0,
        1.0,
        1.0,
        1.0,
        1.0,
        1.0,
        1.0,
        1.0,
        1.0,
        1.0,
        1.0,
        1.0,
        1.0,
        1.0,
        1.0,
        1.0,
        1.0,
        1.0,
        1.0,
        1.0,
        1.0,
        1.0,
        1.0,
        1.0,
        1.0,
        1.0,
        1.0,
        1.0,
        1.0,
        1.0,
        1.0,
        1.0,
        1.0,
        1.0,
        1.0
      ],
      "value_estimates": [
        0.0,
        0.0,
        0.0,
        0.0,
        0.0,
        0.0,
        0.0,
        0.0,
        0.0,
        0.0,
        0.0,
        0.0,
        0.0,
        0.0,
        0.0,
        0.0,
        0.0,
        0.0,
        0.0,
        0.0,
        0.0,
        0.0,
        0.0,
        0.0,
        0.0,
        0.0,
        0.0,
        0.0,
        0.0,
        0.0,
        0.0,
        0.0,
        0.0,
        0.0,
        0.0,
        0.0,
        0.0,
        0.0,
        0.0,
        0.0,
        0.0,
        0.0,
        0.0,
        0.0,
        0.0,
        0.0,
        0.0,
        0.0,
        0.0,
        0.0
      ],
      "action_sequence": [
        2,
        2,
        3,
        2,
        3,
        1,
        1,
        1,
        1,
        0,
        2,
        1,
        3,
        0,
        0,
        3,
        3,
        2,
        0,
        3,
        0,
        1,
        3,
        2,
        0,
        1,
        1,
        2,
        0,
        1,
        3,
        1,
        1,
        3,
        3,
        0,
        2,
        3,
        3,
        2,
        1,
        1,
        0,
        1,
        3,
        1,
        2,
        3,
        1,
        2
      ],
      "inference_times": [
        0.0,
        0.0,
        0.0,
        0.0,
        0.0,
        0.0,
        0.0,
        0.0,
        0.0,
        0.0,
        0.0,
        0.0011150836944580078,
        0.0,
        0.0,
        0.0,
        0.0,
        0.0,
        0.0,
        0.0,
        0.0,
        0.0,
        0.0,
        0.0,
        0.0,
        0.0,
        0.0,
        0.0,
        0.0,
        0.0,
        0.0,
        0.0,
        0.0005621910095214844,
        0.0,
        0.0,
        0.0,
        0.0,
        0.0,
        0.0,
        0.0,
        0.0,
        0.0,
        0.0,
        0.0,
        0.0,
        0.0,
        0.0,
        0.0,
        0.0,
        0.0,
        0.0
      ],
      "mean_entropy": 1.0,
      "std_entropy": 0.0,
      "mean_value": 0.0,
      "std_value": 0.0,
      "mean_inference_time": 3.354549407958984e-05
    },
    "difficulty_breakdown": {
      "total_difficulty": 0.34114457783655683,
      "structural_difficulty": 0.249498743710662,
      "cognitive_difficulty": 0.20050318241119383,
      "solution_difficulty": 0.42048,
      "success_difficulty": 0.8,
      "metrics": {
        "total_steps": 50,
        "total_reward": -0.39999999999999825,
        "box_pushes": 1,
        "solved": false,
        "mean_entropy": 1.0,
        "std_entropy": 0.0,
        "mean_value": 0.0,
        "std_value": 0.0,
        "mean_inference_time": 3.354549407958984e-05,
        "level_size": [
          11,
          9
        ],
        "num_boxes": 5,
        "num_targets": 5,
        "wall_ratio": 0.0,
        "box_density": 0.0,
        "level_complexity": 0.0
      }
    },
    "generation_time": 1753659333.922123
  }
}