{
  "id": "stage_095_level_01",
  "level": [
    [
      1,
      1,
      1,
      1,
      1,
      1,
      1,
      1,
      1
    ],
    [
      1,
      1,
      0,
      0,
      0,
      5,
      0,
      0,
      1
    ],
    [
      1,
      0,
      0,
      0,
      5,
      0,
      0,
      0,
      1
    ],
    [
      1,
      0,
      5,
      5,
      0,
      0,
      0,
      0,
      1
    ],
    [
      1,
      0,
      0,
      0,
      0,
      0,
      0,
      1,
      1
    ],
    [
      1,
      0,
      1,
      0,
      0,
      0,
      0,
      0,
      1
    ],
    [
      1,
      0,
      0,
      4,
      0,
      0,
      0,
      0,
      1
    ],
    [
      1,
      1,
      1,
      0,
      2,
      3,
      0,
      0,
      1
    ],
    [
      1,
      1,
      1,
      1,
      1,
      1,
      1,
      1,
      1
    ]
  ],
  "shape": [
    9,
    9
  ],
  "created_at": "2025-07-28T08:35:33.863438",
  "metadata": {
    "curriculum_stage": 95,
    "target_difficulty": 0.8494780765698766,
    "measured_difficulty": 0.3373395072860718,
    "generation_parameters": {
      "num_boxes": 5,
      "complexity": 0.8494780765698766,
      "min_size": [
        9,
        9
      ],
      "max_size": [
        11,
        11
      ],
      "target_difficulty": 0.8494780765698766
    },
    "level_stats": {
      "size": [
        9,
        9
      ],
      "total_cells": 81,
      "num_walls": 37,
      "num_boxes": 5,
      "num_targets": 5,
      "num_empty": 37,
      "wall_ratio": 0.4567901234567901,
      "box_density": 0.11904761904761904
    },
    "play_data": {
      "total_steps": 50,
      "total_reward": -14.699999999999994,
      "box_pushes": 0,
      "solved": false,
      "policy_entropy": [
        1.0,
        1.0,
        1.0,
        1.0,
        1.0,
        1.0,
        1.0,
        1.0,
        1.0,
        1.0,
        1.0,
        1.0,
        1.0,
        1.0,
        1.0,
        1.0,
        1.0,
        1.0,
        1.0,
        1.0,
        1.0,
        1.0,
        1.0,
        1.0,
        1.0,
        1.0,
        1.0,
        1.0,
        1.0,
        1.0,
        1.0,
        1.0,
        1.0,
        1.0,
        1.0,
        1.0,
        1.0,
        1.0,
        1.0,
        1.0,
        1.0,
        1.0,
        1.0,
        1.0,
        1.0,
        1.0,
        1.0,
        1.0,
        1.0,
        1.0
      ],
      "value_estimates": [
        0.0,
        0.0,
        0.0,
        0.0,
        0.0,
        0.0,
        0.0,
        0.0,
        0.0,
        0.0,
        0.0,
        0.0,
        0.0,
        0.0,
        0.0,
        0.0,
        0.0,
        0.0,
        0.0,
        0.0,
        0.0,
        0.0,
        0.0,
        0.0,
        0.0,
        0.0,
        0.0,
        0.0,
        0.0,
        0.0,
        0.0,
        0.0,
        0.0,
        0.0,
        0.0,
        0.0,
        0.0,
        0.0,
        0.0,
        0.0,
        0.0,
        0.0,
        0.0,
        0.0,
        0.0,
        0.0,
        0.0,
        0.0,
        0.0,
        0.0
      ],
      "action_sequence": [
        2,
        0,
        3,
        2,
        0,
        3,
        3,
        1,
        0,
        1,
        0,
        1,
        1,
        2,
        3,
        0,
        3,
        1,
        2,
        2,
        3,
        3,
        1,
        1,
        0,
        2,
        1,
        1,
        2,
        3,
        0,
        1,
        3,
        1,
        2,
        2,
        2,
        2,
        1,
        2,
        0,
        3,
        1,
        1,
        0,
        3,
        1,
        2,
        2,
        3
      ],
      "inference_times": [
        0.0,
        0.0,
        0.0,
        0.0,
        0.0,
        0.0,
        0.0,
        0.0,
        0.0,
        0.0,
        0.0,
        0.0,
        0.0,
        0.0,
        0.0,
        0.0,
        0.0,
        0.0,
        0.0,
        0.0,
        0.0,
        0.0,
        0.0,
        0.0,
        0.0,
        0.0,
        0.0005278587341308594,
        0.0,
        0.0,
        0.0,
        0.0,
        0.0,
        0.0,
        0.0,
        0.0,
        0.0,
        0.0,
        0.0,
        0.0,
        0.0,
        0.0,
        0.0,
        0.0,
        0.0,
        0.0,
        0.0,
        0.0,
        0.0,
        0.0,
        0.0
      ],
      "mean_entropy": 1.0,
      "std_entropy": 0.0,
      "mean_value": 0.0,
      "std_value": 0.0,
      "mean_inference_time": 1.0557174682617188e-05
    },
    "difficulty_breakdown": {
      "total_difficulty": 0.3373395072860718,
      "structural_difficulty": 0.24,
      "cognitive_difficulty": 0.20015835762023923,
      "solution_difficulty": 0.41764,
      "success_difficulty": 0.8,
      "metrics": {
        "total_steps": 50,
        "total_reward": -14.699999999999994,
        "box_pushes": 0,
        "solved": false,
        "mean_entropy": 1.0,
        "std_entropy": 0.0,
        "mean_value": 0.0,
        "std_value": 0.0,
        "mean_inference_time": 1.0557174682617188e-05,
        "level_size": [
          9,
          9
        ],
        "num_boxes": 5,
        "num_targets": 5,
        "wall_ratio": 0.0,
        "box_density": 0.0,
        "level_complexity": 0.0
      }
    },
    "generation_time": 1753659333.8634388
  }
}