{
  "id": "stage_014_level_01",
  "level": [
    [
      1,
      1,
      1,
      1,
      1,
      1
    ],
    [
      1,
      0,
      0,
      0,
      0,
      1
    ],
    [
      1,
      0,
      4,
      5,
      0,
      1
    ],
    [
      1,
      0,
      0,
      0,
      0,
      1
    ],
    [
      1,
      1,
      1,
      1,
      1,
      1
    ]
  ],
  "shape": [
    5,
    6
  ],
  "created_at": "2025-07-28T08:34:38.379585",
  "metadata": {
    "curriculum_stage": 14,
    "target_difficulty": 0.17893381503899974,
    "measured_difficulty": 0.290808471471554,
    "generation_parameters": {
      "num_boxes": 1,
      "complexity": 0.17893381503899974,
      "min_size": [
        5,
        5
      ],
      "max_size": [
        7,
        7
      ],
      "target_difficulty": 0.17893381503899974
    },
    "level_stats": {
      "size": [
        5,
        6
      ],
      "total_cells": 30,
      "num_walls": 18,
      "num_boxes": 1,
      "num_targets": 1,
      "num_empty": 10,
      "wall_ratio": 0.6,
      "box_density": 0.09090909090909091
    },
    "play_data": {
      "total_steps": 50,
      "total_reward": -14.799999999999995,
      "box_pushes": 0,
      "solved": false,
      "policy_entropy": [
        1.0,
        1.0,
        1.0,
        1.0,
        1.0,
        1.0,
        1.0,
        1.0,
        1.0,
        1.0,
        1.0,
        1.0,
        1.0,
        1.0,
        1.0,
        1.0,
        1.0,
        1.0,
        1.0,
        1.0,
        1.0,
        1.0,
        1.0,
        1.0,
        1.0,
        1.0,
        1.0,
        1.0,
        1.0,
        1.0,
        1.0,
        1.0,
        1.0,
        1.0,
        1.0,
        1.0,
        1.0,
        1.0,
        1.0,
        1.0,
        1.0,
        1.0,
        1.0,
        1.0,
        1.0,
        1.0,
        1.0,
        1.0,
        1.0,
        1.0
      ],
      "value_estimates": [
        0.0,
        0.0,
        0.0,
        0.0,
        0.0,
        0.0,
        0.0,
        0.0,
        0.0,
        0.0,
        0.0,
        0.0,
        0.0,
        0.0,
        0.0,
        0.0,
        0.0,
        0.0,
        0.0,
        0.0,
        0.0,
        0.0,
        0.0,
        0.0,
        0.0,
        0.0,
        0.0,
        0.0,
        0.0,
        0.0,
        0.0,
        0.0,
        0.0,
        0.0,
        0.0,
        0.0,
        0.0,
        0.0,
        0.0,
        0.0,
        0.0,
        0.0,
        0.0,
        0.0,
        0.0,
        0.0,
        0.0,
        0.0,
        0.0,
        0.0
      ],
      "action_sequence": [
        3,
        3,
        2,
        0,
        3,
        0,
        1,
        0,
        3,
        1,
        0,
        3,
        2,
        2,
        2,
        2,
        3,
        2,
        2,
        3,
        1,
        2,
        0,
        1,
        1,
        2,
        1,
        2,
        0,
        1,
        3,
        0,
        0,
        1,
        1,
        3,
        3,
        3,
        2,
        1,
        0,
        3,
        1,
        0,
        1,
        1,
        3,
        0,
        0,
        0
      ],
      "inference_times": [
        0.0,
        0.0,
        0.0,
        0.0,
        0.0,
        0.0,
        0.0,
        0.0,
        0.0005421638488769531,
        0.0,
        0.0,
        0.0,
        0.0,
        0.0,
        0.0,
        0.0,
        0.0,
        0.0,
        0.0,
        0.0,
        0.0,
        0.0,
        0.0,
        0.0,
        0.0,
        0.0,
        0.0,
        0.0,
        0.0,
        0.0,
        0.0,
        0.0,
        0.0,
        0.0,
        0.0,
        0.0,
        0.0,
        0.0,
        0.0,
        0.0,
        0.0,
        0.0,
        0.0,
        0.0,
        0.0,
        0.0,
        0.0,
        0.0,
        0.0,
        0.0
      ],
      "mean_entropy": 1.0,
      "std_entropy": 0.0,
      "mean_value": 0.0,
      "std_value": 0.0,
      "mean_inference_time": 1.0843276977539062e-05
    },
    "difficulty_breakdown": {
      "total_difficulty": 0.290808471471554,
      "structural_difficulty": 0.08477225575051661,
      "cognitive_difficulty": 0.20016264915466306,
      "solution_difficulty": 0.41776,
      "success_difficulty": 0.8,
      "metrics": {
        "total_steps": 50,
        "total_reward": -14.799999999999995,
        "box_pushes": 0,
        "solved": false,
        "mean_entropy": 1.0,
        "std_entropy": 0.0,
        "mean_value": 0.0,
        "std_value": 0.0,
        "mean_inference_time": 1.0843276977539062e-05,
        "level_size": [
          5,
          6
        ],
        "num_boxes": 1,
        "num_targets": 1,
        "wall_ratio": 0.0,
        "box_density": 0.0,
        "level_complexity": 0.0
      }
    },
    "generation_time": 1753659278.3795855
  }
}