{
  "id": "stage_052_level_03",
  "level": [
    [
      1,
      1,
      1,
      1,
      1,
      1,
      1
    ],
    [
      1,
      0,
      0,
      0,
      0,
      0,
      1
    ],
    [
      1,
      0,
      1,
      4,
      0,
      0,
      1
    ],
    [
      1,
      0,
      0,
      0,
      2,
      0,
      1
    ],
    [
      1,
      1,
      0,
      0,
      0,
      2,
      1
    ],
    [
      1,
      0,
      3,
      0,
      0,
      3,
      1
    ],
    [
      1,
      5,
      0,
      0,
      0,
      0,
      1
    ],
    [
      1,
      1,
      1,
      1,
      1,
      1,
      1
    ]
  ],
  "shape": [
    8,
    7
  ],
  "created_at": "2025-07-28T08:35:11.962139",
  "metadata": {
    "curriculum_stage": 52,
    "target_difficulty": 0.5181693066085113,
    "measured_difficulty": 0.3217670823897965,
    "generation_parameters": {
      "num_boxes": 3,
      "complexity": 0.5181693066085113,
      "min_size": [
        7,
        7
      ],
      "max_size": [
        9,
        9
      ],
      "target_difficulty": 0.5181693066085113
    },
    "level_stats": {
      "size": [
        8,
        7
      ],
      "total_cells": 56,
      "num_walls": 28,
      "num_boxes": 3,
      "num_targets": 3,
      "num_empty": 22,
      "wall_ratio": 0.5,
      "box_density": 0.12
    },
    "play_data": {
      "total_steps": 50,
      "total_reward": -6.299999999999997,
      "box_pushes": 1,
      "solved": false,
      "policy_entropy": [
        1.0,
        1.0,
        1.0,
        1.0,
        1.0,
        1.0,
        1.0,
        1.0,
        1.0,
        1.0,
        1.0,
        1.0,
        1.0,
        1.0,
        1.0,
        1.0,
        1.0,
        1.0,
        1.0,
        1.0,
        1.0,
        1.0,
        1.0,
        1.0,
        1.0,
        1.0,
        1.0,
        1.0,
        1.0,
        1.0,
        1.0,
        1.0,
        1.0,
        1.0,
        1.0,
        1.0,
        1.0,
        1.0,
        1.0,
        1.0,
        1.0,
        1.0,
        1.0,
        1.0,
        1.0,
        1.0,
        1.0,
        1.0,
        1.0,
        1.0
      ],
      "value_estimates": [
        0.0,
        0.0,
        0.0,
        0.0,
        0.0,
        0.0,
        0.0,
        0.0,
        0.0,
        0.0,
        0.0,
        0.0,
        0.0,
        0.0,
        0.0,
        0.0,
        0.0,
        0.0,
        0.0,
        0.0,
        0.0,
        0.0,
        0.0,
        0.0,
        0.0,
        0.0,
        0.0,
        0.0,
        0.0,
        0.0,
        0.0,
        0.0,
        0.0,
        0.0,
        0.0,
        0.0,
        0.0,
        0.0,
        0.0,
        0.0,
        0.0,
        0.0,
        0.0,
        0.0,
        0.0,
        0.0,
        0.0,
        0.0,
        0.0,
        0.0
      ],
      "action_sequence": [
        0,
        2,
        0,
        2,
        3,
        1,
        0,
        1,
        0,
        3,
        1,
        1,
        0,
        3,
        3,
        1,
        1,
        1,
        2,
        2,
        3,
        3,
        3,
        1,
        0,
        3,
        2,
        3,
        1,
        3,
        2,
        3,
        3,
        3,
        0,
        1,
        2,
        3,
        3,
        2,
        0,
        3,
        1,
        2,
        2,
        1,
        3,
        3,
        1,
        3
      ],
      "inference_times": [
        0.0,
        0.0,
        0.0,
        0.0005459785461425781,
        0.0,
        0.0,
        0.0,
        0.0,
        0.0,
        0.0,
        0.0,
        0.0,
        0.0,
        0.0,
        0.0,
        0.0,
        0.0,
        0.0,
        0.0,
        0.0,
        0.0,
        0.0,
        0.0,
        0.0,
        0.0,
        0.0,
        0.0,
        0.0,
        0.0,
        0.0,
        0.0,
        0.0,
        0.0,
        0.0,
        0.0,
        0.0,
        0.0,
        0.0,
        0.0,
        0.0,
        0.0,
        0.0,
        0.0,
        0.0,
        0.0,
        0.0,
        0.0,
        0.0,
        0.0,
        0.0
      ],
      "mean_entropy": 1.0,
      "std_entropy": 0.0,
      "mean_value": 0.0,
      "std_value": 0.0,
      "mean_inference_time": 1.0919570922851562e-05
    },
    "difficulty_breakdown": {
      "total_difficulty": 0.3217670823897965,
      "structural_difficulty": 0.1648331477354788,
      "cognitive_difficulty": 0.20016379356384276,
      "solution_difficulty": 0.44089333333333325,
      "success_difficulty": 0.8,
      "metrics": {
        "total_steps": 50,
        "total_reward": -6.299999999999997,
        "box_pushes": 1,
        "solved": false,
        "mean_entropy": 1.0,
        "std_entropy": 0.0,
        "mean_value": 0.0,
        "std_value": 0.0,
        "mean_inference_time": 1.0919570922851562e-05,
        "level_size": [
          8,
          7
        ],
        "num_boxes": 3,
        "num_targets": 3,
        "wall_ratio": 0.0,
        "box_density": 0.0,
        "level_complexity": 0.0
      }
    },
    "generation_time": 1753659311.962139
  }
}