{
  "id": "stage_016_level_01",
  "level": [
    [
      1,
      1,
      1,
      1,
      1,
      1,
      1
    ],
    [
      1,
      0,
      0,
      0,
      0,
      0,
      1
    ],
    [
      1,
      0,
      0,
      0,
      0,
      0,
      1
    ],
    [
      1,
      0,
      0,
      0,
      0,
      0,
      1
    ],
    [
      1,
      4,
      2,
      0,
      3,
      0,
      1
    ],
    [
      1,
      1,
      1,
      1,
      1,
      1,
      1
    ]
  ],
  "shape": [
    6,
    7
  ],
  "created_at": "2025-07-28T08:34:38.400122",
  "metadata": {
    "curriculum_stage": 16,
    "target_difficulty": 0.1879868435738619,
    "measured_difficulty": 0.29511804237339134,
    "generation_parameters": {
      "num_boxes": 1,
      "complexity": 0.1879868435738619,
      "min_size": [
        5,
        5
      ],
      "max_size": [
        7,
        7
      ],
      "target_difficulty": 0.1879868435738619
    },
    "level_stats": {
      "size": [
        6,
        7
      ],
      "total_cells": 42,
      "num_walls": 22,
      "num_boxes": 1,
      "num_targets": 1,
      "num_empty": 17,
      "wall_ratio": 0.5238095238095238,
      "box_density": 0.05555555555555555
    },
    "play_data": {
      "total_steps": 50,
      "total_reward": -18.400000000000002,
      "box_pushes": 0,
      "solved": false,
      "policy_entropy": [
        1.0,
        1.0,
        1.0,
        1.0,
        1.0,
        1.0,
        1.0,
        1.0,
        1.0,
        1.0,
        1.0,
        1.0,
        1.0,
        1.0,
        1.0,
        1.0,
        1.0,
        1.0,
        1.0,
        1.0,
        1.0,
        1.0,
        1.0,
        1.0,
        1.0,
        1.0,
        1.0,
        1.0,
        1.0,
        1.0,
        1.0,
        1.0,
        1.0,
        1.0,
        1.0,
        1.0,
        1.0,
        1.0,
        1.0,
        1.0,
        1.0,
        1.0,
        1.0,
        1.0,
        1.0,
        1.0,
        1.0,
        1.0,
        1.0,
        1.0
      ],
      "value_estimates": [
        0.0,
        0.0,
        0.0,
        0.0,
        0.0,
        0.0,
        0.0,
        0.0,
        0.0,
        0.0,
        0.0,
        0.0,
        0.0,
        0.0,
        0.0,
        0.0,
        0.0,
        0.0,
        0.0,
        0.0,
        0.0,
        0.0,
        0.0,
        0.0,
        0.0,
        0.0,
        0.0,
        0.0,
        0.0,
        0.0,
        0.0,
        0.0,
        0.0,
        0.0,
        0.0,
        0.0,
        0.0,
        0.0,
        0.0,
        0.0,
        0.0,
        0.0,
        0.0,
        0.0,
        0.0,
        0.0,
        0.0,
        0.0,
        0.0,
        0.0
      ],
      "action_sequence": [
        1,
        1,
        2,
        0,
        1,
        3,
        2,
        0,
        1,
        0,
        1,
        1,
        3,
        1,
        0,
        2,
        0,
        1,
        1,
        2,
        2,
        1,
        1,
        1,
        3,
        0,
        0,
        0,
        1,
        2,
        0,
        2,
        1,
        2,
        0,
        1,
        2,
        2,
        1,
        3,
        0,
        0,
        0,
        2,
        3,
        0,
        1,
        0,
        1,
        2
      ],
      "inference_times": [
        0.0,
        0.0,
        0.0,
        0.0,
        0.0,
        0.0,
        0.0,
        0.0,
        0.0,
        0.0,
        0.0,
        0.0,
        0.0,
        0.0,
        0.0,
        0.0,
        0.0,
        0.0,
        0.0,
        0.0,
        0.0,
        0.0,
        0.0,
        0.0,
        0.0,
        0.0,
        0.0,
        0.0,
        0.0,
        0.0,
        0.0,
        0.0,
        0.0,
        0.0,
        0.0,
        0.0,
        0.0,
        0.0,
        0.0,
        0.0,
        0.0,
        0.0,
        0.0005757808685302734,
        0.0,
        0.0,
        0.0,
        0.0,
        0.0,
        0.0,
        0.0
      ],
      "mean_entropy": 1.0,
      "std_entropy": 0.0,
      "mean_value": 0.0,
      "std_value": 0.0,
      "mean_inference_time": 1.1515617370605468e-05
    },
    "difficulty_breakdown": {
      "total_difficulty": 0.29511804237339134,
      "structural_difficulty": 0.09480740698407861,
      "cognitive_difficulty": 0.20017273426055907,
      "solution_difficulty": 0.42208,
      "success_difficulty": 0.8,
      "metrics": {
        "total_steps": 50,
        "total_reward": -18.400000000000002,
        "box_pushes": 0,
        "solved": false,
        "mean_entropy": 1.0,
        "std_entropy": 0.0,
        "mean_value": 0.0,
        "std_value": 0.0,
        "mean_inference_time": 1.1515617370605468e-05,
        "level_size": [
          6,
          7
        ],
        "num_boxes": 1,
        "num_targets": 1,
        "wall_ratio": 0.0,
        "box_density": 0.0,
        "level_complexity": 0.0
      }
    },
    "generation_time": 1753659278.4001224
  }
}