{
  "id": "stage_053_level_03",
  "level": [
    [
      1,
      1,
      1,
      1,
      1,
      1,
      1
    ],
    [
      1,
      0,
      0,
      0,
      0,
      0,
      1
    ],
    [
      1,
      0,
      1,
      1,
      0,
      0,
      1
    ],
    [
      1,
      0,
      0,
      0,
      0,
      0,
      1
    ],
    [
      1,
      0,
      0,
      0,
      0,
      1,
      1
    ],
    [
      1,
      0,
      0,
      5,
      5,
      0,
      1
    ],
    [
      1,
      0,
      0,
      0,
      0,
      0,
      1
    ],
    [
      1,
      0,
      0,
      3,
      2,
      4,
      1
    ],
    [
      1,
      1,
      1,
      1,
      1,
      1,
      1
    ]
  ],
  "shape": [
    9,
    7
  ],
  "created_at": "2025-07-28T08:35:11.977181",
  "metadata": {
    "curriculum_stage": 53,
    "target_difficulty": 0.5302451912585209,
    "measured_difficulty": 0.31910535047984867,
    "generation_parameters": {
      "num_boxes": 3,
      "complexity": 0.5302451912585209,
      "min_size": [
        7,
        7
      ],
      "max_size": [
        9,
        9
      ],
      "target_difficulty": 0.5302451912585209
    },
    "level_stats": {
      "size": [
        9,
        7
      ],
      "total_cells": 63,
      "num_walls": 31,
      "num_boxes": 3,
      "num_targets": 3,
      "num_empty": 27,
      "wall_ratio": 0.49206349206349204,
      "box_density": 0.1
    },
    "play_data": {
      "total_steps": 50,
      "total_reward": -22.900000000000002,
      "box_pushes": 0,
      "solved": false,
      "policy_entropy": [
        1.0,
        1.0,
        1.0,
        1.0,
        1.0,
        1.0,
        1.0,
        1.0,
        1.0,
        1.0,
        1.0,
        1.0,
        1.0,
        1.0,
        1.0,
        1.0,
        1.0,
        1.0,
        1.0,
        1.0,
        1.0,
        1.0,
        1.0,
        1.0,
        1.0,
        1.0,
        1.0,
        1.0,
        1.0,
        1.0,
        1.0,
        1.0,
        1.0,
        1.0,
        1.0,
        1.0,
        1.0,
        1.0,
        1.0,
        1.0,
        1.0,
        1.0,
        1.0,
        1.0,
        1.0,
        1.0,
        1.0,
        1.0,
        1.0,
        1.0
      ],
      "value_estimates": [
        0.0,
        0.0,
        0.0,
        0.0,
        0.0,
        0.0,
        0.0,
        0.0,
        0.0,
        0.0,
        0.0,
        0.0,
        0.0,
        0.0,
        0.0,
        0.0,
        0.0,
        0.0,
        0.0,
        0.0,
        0.0,
        0.0,
        0.0,
        0.0,
        0.0,
        0.0,
        0.0,
        0.0,
        0.0,
        0.0,
        0.0,
        0.0,
        0.0,
        0.0,
        0.0,
        0.0,
        0.0,
        0.0,
        0.0,
        0.0,
        0.0,
        0.0,
        0.0,
        0.0,
        0.0,
        0.0,
        0.0,
        0.0,
        0.0,
        0.0
      ],
      "action_sequence": [
        3,
        0,
        3,
        0,
        0,
        2,
        3,
        1,
        3,
        3,
        2,
        1,
        1,
        1,
        0,
        0,
        1,
        1,
        3,
        0,
        1,
        0,
        2,
        3,
        2,
        3,
        1,
        3,
        3,
        0,
        3,
        3,
        0,
        0,
        2,
        1,
        3,
        0,
        0,
        1,
        3,
        2,
        3,
        3,
        3,
        2,
        1,
        3,
        3,
        3
      ],
      "inference_times": [
        0.0,
        0.0,
        0.0,
        0.0,
        0.0,
        0.0,
        0.0,
        0.0,
        0.0,
        0.0,
        0.0,
        0.0,
        0.0,
        0.0,
        0.0,
        0.0,
        0.0,
        0.0,
        0.0,
        0.0,
        0.0,
        0.0005509853363037109,
        0.0,
        0.0,
        0.0,
        0.0,
        0.0,
        0.0,
        0.0,
        0.0,
        0.0,
        0.0,
        0.0,
        0.0,
        0.0,
        0.0,
        0.0,
        0.0,
        0.0,
        0.0,
        0.0,
        0.0,
        0.0,
        0.0,
        0.0,
        0.0,
        0.0,
        0.0,
        0.0,
        0.0
      ],
      "mean_entropy": 1.0,
      "std_entropy": 0.0,
      "mean_value": 0.0,
      "std_value": 0.0,
      "mean_inference_time": 1.1019706726074218e-05
    },
    "difficulty_breakdown": {
      "total_difficulty": 0.31910535047984867,
      "structural_difficulty": 0.16937253933193772,
      "cognitive_difficulty": 0.2001652956008911,
      "solution_difficulty": 0.42747999999999997,
      "success_difficulty": 0.8,
      "metrics": {
        "total_steps": 50,
        "total_reward": -22.900000000000002,
        "box_pushes": 0,
        "solved": false,
        "mean_entropy": 1.0,
        "std_entropy": 0.0,
        "mean_value": 0.0,
        "std_value": 0.0,
        "mean_inference_time": 1.1019706726074218e-05,
        "level_size": [
          9,
          7
        ],
        "num_boxes": 3,
        "num_targets": 3,
        "wall_ratio": 0.0,
        "box_density": 0.0,
        "level_complexity": 0.0
      }
    },
    "generation_time": 1753659311.9771817
  }
}