{
  "id": "stage_015_level_03",
  "level": [
    [
      1,
      1,
      1,
      1,
      1,
      1,
      1
    ],
    [
      1,
      0,
      0,
      0,
      0,
      0,
      1
    ],
    [
      1,
      0,
      0,
      0,
      0,
      0,
      1
    ],
    [
      1,
      0,
      4,
      2,
      3,
      0,
      1
    ],
    [
      1,
      1,
      1,
      1,
      1,
      1,
      1
    ]
  ],
  "shape": [
    5,
    7
  ],
  "created_at": "2025-07-28T08:34:38.395693",
  "metadata": {
    "curriculum_stage": 15,
    "target_difficulty": 0.18335177823595847,
    "measured_difficulty": 0.20529782410216196,
    "generation_parameters": {
      "num_boxes": 1,
      "complexity": 0.18335177823595847,
      "min_size": [
        5,
        5
      ],
      "max_size": [
        7,
        7
      ],
      "target_difficulty": 0.18335177823595847
    },
    "level_stats": {
      "size": [
        5,
        7
      ],
      "total_cells": 35,
      "num_walls": 20,
      "num_boxes": 1,
      "num_targets": 1,
      "num_empty": 12,
      "wall_ratio": 0.5714285714285714,
      "box_density": 0.07692307692307693
    },
    "play_data": {
      "total_steps": 33,
      "total_reward": 94.10000000000001,
      "box_pushes": 1,
      "solved": true,
      "policy_entropy": [
        1.0,
        1.0,
        1.0,
        1.0,
        1.0,
        1.0,
        1.0,
        1.0,
        1.0,
        1.0,
        1.0,
        1.0,
        1.0,
        1.0,
        1.0,
        1.0,
        1.0,
        1.0,
        1.0,
        1.0,
        1.0,
        1.0,
        1.0,
        1.0,
        1.0,
        1.0,
        1.0,
        1.0,
        1.0,
        1.0,
        1.0,
        1.0,
        1.0
      ],
      "value_estimates": [
        0.0,
        0.0,
        0.0,
        0.0,
        0.0,
        0.0,
        0.0,
        0.0,
        0.0,
        0.0,
        0.0,
        0.0,
        0.0,
        0.0,
        0.0,
        0.0,
        0.0,
        0.0,
        0.0,
        0.0,
        0.0,
        0.0,
        0.0,
        0.0,
        0.0,
        0.0,
        0.0,
        0.0,
        0.0,
        0.0,
        0.0,
        0.0,
        0.0
      ],
      "action_sequence": [
        2,
        1,
        3,
        1,
        1,
        2,
        2,
        1,
        2,
        3,
        0,
        3,
        1,
        0,
        2,
        3,
        0,
        2,
        0,
        2,
        2,
        2,
        3,
        2,
        2,
        1,
        1,
        0,
        1,
        1,
        2,
        3,
        3
      ],
      "inference_times": [
        0.0005636215209960938,
        0.0,
        0.0,
        0.0,
        0.0,
        0.0,
        0.0,
        0.0,
        0.0,
        0.0,
        0.0,
        0.0,
        0.0,
        0.0,
        0.0,
        0.0,
        0.0,
        0.0,
        0.0,
        0.0,
        0.0,
        0.0,
        0.0,
        0.0,
        0.0,
        0.0,
        0.0,
        0.0,
        0.0,
        0.0,
        0.0,
        0.0,
        0.0
      ],
      "mean_entropy": 1.0,
      "std_entropy": 0.0,
      "mean_value": 0.0,
      "std_value": 0.0,
      "mean_inference_time": 1.707944003018466e-05
    },
    "difficulty_breakdown": {
      "total_difficulty": 0.20529782410216196,
      "structural_difficulty": 0.08916079783099616,
      "cognitive_difficulty": 0.20025619160045274,
      "solution_difficulty": 0.2949090909090909,
      "success_difficulty": 0.3,
      "metrics": {
        "total_steps": 33,
        "total_reward": 94.10000000000001,
        "box_pushes": 1,
        "solved": true,
        "mean_entropy": 1.0,
        "std_entropy": 0.0,
        "mean_value": 0.0,
        "std_value": 0.0,
        "mean_inference_time": 1.707944003018466e-05,
        "level_size": [
          5,
          7
        ],
        "num_boxes": 1,
        "num_targets": 1,
        "wall_ratio": 0.0,
        "box_density": 0.0,
        "level_complexity": 0.0
      }
    },
    "generation_time": 1753659278.3956935
  }
}