{
  "id": "stage_097_level_01",
  "level": [
    [
      1,
      1,
      1,
      1,
      1,
      1,
      1,
      1,
      1
    ],
    [
      1,
      5,
      0,
      0,
      0,
      0,
      5,
      0,
      1
    ],
    [
      1,
      0,
      0,
      0,
      0,
      0,
      0,
      0,
      1
    ],
    [
      1,
      5,
      0,
      0,
      0,
      1,
      0,
      0,
      1
    ],
    [
      1,
      1,
      0,
      0,
      1,
      0,
      0,
      1,
      1
    ],
    [
      1,
      0,
      0,
      0,
      1,
      1,
      0,
      0,
      1
    ],
    [
      1,
      4,
      0,
      2,
      3,
      5,
      0,
      0,
      1
    ],
    [
      1,
      0,
      0,
      0,
      0,
      0,
      0,
      0,
      1
    ],
    [
      1,
      1,
      1,
      1,
      1,
      1,
      1,
      1,
      1
    ]
  ],
  "shape": [
    9,
    9
  ],
  "created_at": "2025-07-28T08:35:33.895405",
  "metadata": {
    "curriculum_stage": 97,
    "target_difficulty": 0.8549203711145691,
    "measured_difficulty": 0.17880000000000001,
    "generation_parameters": {
      "num_boxes": 5,
      "complexity": 0.8549203711145691,
      "min_size": [
        9,
        9
      ],
      "max_size": [
        11,
        11
      ],
      "target_difficulty": 0.8549203711145691
    },
    "level_stats": {
      "size": [
        9,
        9
      ],
      "total_cells": 81,
      "num_walls": 38,
      "num_boxes": 5,
      "num_targets": 5,
      "num_empty": 36,
      "wall_ratio": 0.4691358024691358,
      "box_density": 0.12195121951219512
    },
    "play_data": {
      "total_steps": 18,
      "total_reward": 106.4,
      "box_pushes": 1,
      "solved": true,
      "policy_entropy": [
        1.0,
        1.0,
        1.0,
        1.0,
        1.0,
        1.0,
        1.0,
        1.0,
        1.0,
        1.0,
        1.0,
        1.0,
        1.0,
        1.0,
        1.0,
        1.0,
        1.0,
        1.0
      ],
      "value_estimates": [
        0.0,
        0.0,
        0.0,
        0.0,
        0.0,
        0.0,
        0.0,
        0.0,
        0.0,
        0.0,
        0.0,
        0.0,
        0.0,
        0.0,
        0.0,
        0.0,
        0.0,
        0.0
      ],
      "action_sequence": [
        3,
        0,
        2,
        2,
        3,
        1,
        2,
        1,
        3,
        0,
        2,
        0,
        0,
        3,
        2,
        3,
        1,
        3
      ],
      "inference_times": [
        0.0,
        0.0,
        0.0,
        0.0,
        0.0,
        0.0,
        0.0,
        0.0,
        0.0,
        0.0,
        0.0,
        0.0,
        0.0,
        0.0,
        0.0,
        0.0,
        0.0,
        0.0
      ],
      "mean_entropy": 1.0,
      "std_entropy": 0.0,
      "mean_value": 0.0,
      "std_value": 0.0,
      "mean_inference_time": 0.0
    },
    "difficulty_breakdown": {
      "total_difficulty": 0.17880000000000001,
      "structural_difficulty": 0.24,
      "cognitive_difficulty": 0.19999999999999998,
      "solution_difficulty": 0.055999999999999994,
      "success_difficulty": 0.3,
      "metrics": {
        "total_steps": 18,
        "total_reward": 106.4,
        "box_pushes": 1,
        "solved": true,
        "mean_entropy": 1.0,
        "std_entropy": 0.0,
        "mean_value": 0.0,
        "std_value": 0.0,
        "mean_inference_time": 0.0,
        "level_size": [
          9,
          9
        ],
        "num_boxes": 5,
        "num_targets": 5,
        "wall_ratio": 0.0,
        "box_density": 0.0,
        "level_complexity": 0.0
      }
    },
    "generation_time": 1753659333.895405
  }
}