{
  "id": "stage_017_level_02",
  "level": [
    [
      1,
      1,
      1,
      1,
      1,
      1,
      1
    ],
    [
      1,
      0,
      0,
      0,
      0,
      0,
      1
    ],
    [
      1,
      3,
      2,
      4,
      0,
      0,
      1
    ],
    [
      1,
      0,
      0,
      0,
      0,
      0,
      1
    ],
    [
      1,
      0,
      0,
      0,
      0,
      0,
      1
    ],
    [
      1,
      0,
      0,
      0,
      0,
      0,
      1
    ],
    [
      1,
      1,
      1,
      1,
      1,
      1,
      1
    ]
  ],
  "shape": [
    7,
    7
  ],
  "created_at": "2025-07-28T08:34:38.416934",
  "metadata": {
    "curriculum_stage": 17,
    "target_difficulty": 0.19284626484373601,
    "measured_difficulty": 0.15313307819366456,
    "generation_parameters": {
      "num_boxes": 1,
      "complexity": 0.19284626484373601,
      "min_size": [
        5,
        5
      ],
      "max_size": [
        7,
        7
      ],
      "target_difficulty": 0.19284626484373601
    },
    "level_stats": {
      "size": [
        7,
        7
      ],
      "total_cells": 49,
      "num_walls": 24,
      "num_boxes": 1,
      "num_targets": 1,
      "num_empty": 22,
      "wall_ratio": 0.4897959183673469,
      "box_density": 0.043478260869565216
    },
    "play_data": {
      "total_steps": 1,
      "total_reward": 109.9,
      "box_pushes": 1,
      "solved": true,
      "policy_entropy": [
        1.0
      ],
      "value_estimates": [
        0.0
      ],
      "action_sequence": [
        2
      ],
      "inference_times": [
        0.0005629062652587891
      ],
      "mean_entropy": 1.0,
      "std_entropy": 0.0,
      "mean_value": 0.0,
      "std_value": 0.0,
      "mean_inference_time": 0.0005629062652587891
    },
    "difficulty_breakdown": {
      "total_difficulty": 0.15313307819366456,
      "structural_difficulty": 0.09999999999999999,
      "cognitive_difficulty": 0.20844359397888182,
      "solution_difficulty": 0.102,
      "success_difficulty": 0.3,
      "metrics": {
        "total_steps": 1,
        "total_reward": 109.9,
        "box_pushes": 1,
        "solved": true,
        "mean_entropy": 1.0,
        "std_entropy": 0.0,
        "mean_value": 0.0,
        "std_value": 0.0,
        "mean_inference_time": 0.0005629062652587891,
        "level_size": [
          7,
          7
        ],
        "num_boxes": 1,
        "num_targets": 1,
        "wall_ratio": 0.0,
        "box_density": 0.0,
        "level_complexity": 0.0
      }
    },
    "generation_time": 1753659278.4163697
  }
}