{
  "id": "stage_019_level_03",
  "level": [
    [
      1,
      1,
      1,
      1,
      1,
      1
    ],
    [
      1,
      0,
      0,
      0,
      0,
      1
    ],
    [
      1,
      0,
      0,
      0,
      5,
      1
    ],
    [
      1,
      0,
      0,
      0,
      0,
      1
    ],
    [
      1,
      0,
      2,
      3,
      0,
      1
    ],
    [
      1,
      0,
      4,
      0,
      0,
      1
    ],
    [
      1,
      1,
      1,
      1,
      1,
      1
    ]
  ],
  "shape": [
    7,
    6
  ],
  "created_at": "2025-07-28T08:34:38.457108",
  "metadata": {
    "curriculum_stage": 19,
    "target_difficulty": 0.2032664145822675,
    "measured_difficulty": 0.3018847334553921,
    "generation_parameters": {
      "num_boxes": 2,
      "complexity": 0.2032664145822675,
      "min_size": [
        5,
        5
      ],
      "max_size": [
        7,
        7
      ],
      "target_difficulty": 0.2032664145822675
    },
    "level_stats": {
      "size": [
        7,
        6
      ],
      "total_cells": 42,
      "num_walls": 22,
      "num_boxes": 2,
      "num_targets": 2,
      "num_empty": 16,
      "wall_ratio": 0.5238095238095238,
      "box_density": 0.1111111111111111
    },
    "play_data": {
      "total_steps": 50,
      "total_reward": -12.199999999999992,
      "box_pushes": 0,
      "solved": false,
      "policy_entropy": [
        1.0,
        1.0,
        1.0,
        1.0,
        1.0,
        1.0,
        1.0,
        1.0,
        1.0,
        1.0,
        1.0,
        1.0,
        1.0,
        1.0,
        1.0,
        1.0,
        1.0,
        1.0,
        1.0,
        1.0,
        1.0,
        1.0,
        1.0,
        1.0,
        1.0,
        1.0,
        1.0,
        1.0,
        1.0,
        1.0,
        1.0,
        1.0,
        1.0,
        1.0,
        1.0,
        1.0,
        1.0,
        1.0,
        1.0,
        1.0,
        1.0,
        1.0,
        1.0,
        1.0,
        1.0,
        1.0,
        1.0,
        1.0,
        1.0,
        1.0
      ],
      "value_estimates": [
        0.0,
        0.0,
        0.0,
        0.0,
        0.0,
        0.0,
        0.0,
        0.0,
        0.0,
        0.0,
        0.0,
        0.0,
        0.0,
        0.0,
        0.0,
        0.0,
        0.0,
        0.0,
        0.0,
        0.0,
        0.0,
        0.0,
        0.0,
        0.0,
        0.0,
        0.0,
        0.0,
        0.0,
        0.0,
        0.0,
        0.0,
        0.0,
        0.0,
        0.0,
        0.0,
        0.0,
        0.0,
        0.0,
        0.0,
        0.0,
        0.0,
        0.0,
        0.0,
        0.0,
        0.0,
        0.0,
        0.0,
        0.0,
        0.0,
        0.0
      ],
      "action_sequence": [
        0,
        1,
        1,
        2,
        0,
        1,
        1,
        2,
        3,
        0,
        1,
        0,
        1,
        1,
        1,
        1,
        0,
        2,
        0,
        2,
        1,
        1,
        3,
        3,
        3,
        0,
        3,
        1,
        1,
        1,
        0,
        1,
        0,
        0,
        0,
        2,
        2,
        1,
        0,
        1,
        1,
        3,
        1,
        1,
        0,
        1,
        1,
        2,
        1,
        1
      ],
      "inference_times": [
        0.0,
        0.0,
        0.0,
        0.0,
        0.0,
        0.0,
        0.0,
        0.0,
        0.0,
        0.0,
        0.0,
        0.0,
        0.0,
        0.0,
        0.0,
        0.0,
        0.0,
        0.0,
        0.0,
        0.0,
        0.0,
        0.0,
        0.0,
        0.0,
        0.0,
        0.0,
        0.0,
        0.0,
        0.0,
        0.0,
        0.0,
        0.0,
        0.0,
        0.0,
        0.0,
        0.0,
        0.0,
        0.0,
        0.0,
        0.0,
        0.0005612373352050781,
        0.0,
        0.0,
        0.0,
        0.0,
        0.0,
        0.0,
        0.0,
        0.0,
        0.0
      ],
      "mean_entropy": 1.0,
      "std_entropy": 0.0,
      "mean_value": 0.0,
      "std_value": 0.0,
      "mean_inference_time": 1.1224746704101562e-05
    },
    "difficulty_breakdown": {
      "total_difficulty": 0.3018847334553921,
      "structural_difficulty": 0.1248074069840786,
      "cognitive_difficulty": 0.2001683712005615,
      "solution_difficulty": 0.41464,
      "success_difficulty": 0.8,
      "metrics": {
        "total_steps": 50,
        "total_reward": -12.199999999999992,
        "box_pushes": 0,
        "solved": false,
        "mean_entropy": 1.0,
        "std_entropy": 0.0,
        "mean_value": 0.0,
        "std_value": 0.0,
        "mean_inference_time": 1.1224746704101562e-05,
        "level_size": [
          7,
          6
        ],
        "num_boxes": 2,
        "num_targets": 2,
        "wall_ratio": 0.0,
        "box_density": 0.0,
        "level_complexity": 0.0
      }
    },
    "generation_time": 1753659278.4571083
  }
}